School Name,Division Name,Bachelors_Percent,Masters_Percent,Doctoral_Percent
A. Henderson Elementary,Prince William County,35.0,62.0,2.0
A.G. Richardson Elementary,Culpeper County,44.0,56.0,0.0
A.M. Davis Elementary,Chesterfield County,31.0,69.0,0.0
A.S. Rhodes Elementary,Warren County,52.0,44.0,0.0
A.W.E. Bassette Elementary,Hampton City,58.0,32.0,3.0
Abb's Valley-Boissevain Elementary,Tazewell County,60.0,33.0,0.0
Aberdeen Elementary,Hampton City,55.0,32.0,3.0
Abingdon Elementary,Arlington County,30.0,65.0,0.0
Abingdon Elementary,Gloucester County,40.0,57.0,0.0
Abingdon Elementary,Washington County,55.0,45.0,0.0
Abingdon High,Washington County,44.0,49.0,2.0
Academy for Discovery at Lakewood,Norfolk City,46.0,51.0,0.0
Accawmacke Elementary,Accomack County,42.0,53.0,0.0
Achievable Dream Academy,Newport News City,44.0,40.0,0.0
Achilles Elementary,Gloucester County,36.0,62.0,0.0
Acquinton Elementary,King William County,59.0,38.0,0.0
Addison Aerospace Magnet Middle,Roanoke City,44.0,40.0,3.0
Admiral Richard E. Byrd Middle,Frederick County,40.0,56.0,3.0
Agnor-Hurt Elementary,Albemarle County,40.0,52.0,4.0
Alanton Elementary,Virginia Beach City,44.0,54.0,2.0
Albemarle High,Albemarle County,32.0,65.0,1.0
Albert Harris Elementary,Martinsville City,56.0,34.0,2.0
Albert Hill Middle,Richmond City,38.0,53.0,2.0
Albert W. Patrick III Elementary,Hampton City,58.0,38.0,0.0
Alberta Smith Elementary,Chesterfield County,48.0,50.0,0.0
Aldie Elementary,Loudoun County,17.0,77.0,0.0
Aldrin Elementary,Fairfax County,27.0,70.0,2.0
Alexandria City High School,Alexandria City,23.0,70.0,1.0
Alfred S. Forrest Elementary,Hampton City,47.0,53.0,0.0
Algonkian Elementary,Loudoun County,25.0,72.0,2.0
Alice West Fleet Elementary,Arlington County,26.0,69.0,4.0
Alleghany High,Alleghany Highlands,51.0,47.0,0.0
Altavista Elementary,Campbell County,53.0,44.0,0.0
Altavista High,Campbell County,53.0,45.0,0.0
Amelia County Elementary,Amelia County,53.0,45.0,2.0
Amelia County High,Amelia County,56.0,38.0,4.0
Amelia County Middle,Amelia County,49.0,47.0,4.0
Amelia Street Special Education,Richmond City,60.0,20.0,20.0
Amelon Elementary,Amherst County,45.0,52.0,0.0
Amherst County High,Amherst County,45.0,47.0,2.0
Amherst Elementary,Amherst County,42.0,48.0,0.0
Amherst Middle,Amherst County,59.0,39.0,0.0
Andrew G. Wright Middle,Stafford County,33.0,56.0,0.0
Andrew Lewis Middle,Salem City,45.0,51.0,1.0
Annandale High,Fairfax County,25.0,72.0,1.0
Annandale Terrace Elementary,Fairfax County,26.0,74.0,0.0
Anne E. Moncure Elementary,Stafford County,38.0,54.0,0.0
Anthony Burns Elementary,Stafford County,47.0,45.0,0.0
Antietam Elementary,Prince William County,43.0,50.0,3.0
Apple Pie Ridge Elementary,Frederick County,53.0,47.0,0.0
Appomattox County High,Appomattox County,49.0,43.0,3.0
Appomattox Elementary,Appomattox County,55.0,39.0,2.0
Appomattox Middle,Appomattox County,53.0,43.0,3.0
Arcadia High,Accomack County,47.0,39.0,4.0
Archer Elementary,Fairfax County,22.0,74.0,0.0
Arcola Elementary,Loudoun County,21.0,77.0,1.0
Arlington Community High,Arlington County,7.0,87.0,7.0
Arlington Science Focus School,Arlington County,41.0,56.0,0.0
Arlington Traditional,Arlington County,27.0,69.0,0.0
Armel Elementary,Frederick County,43.0,55.0,0.0
Armstrong Elementary,Fairfax County,22.0,76.0,0.0
Armstrong Elementary,Hampton City,52.0,48.0,0.0
Arrowhead Elementary,Virginia Beach City,42.0,56.0,2.0
Arthur R. Ware Elementary,Staunton City,53.0,41.0,0.0
Ashburn Elementary,Loudoun County,19.0,80.0,0.0
Ashland Elementary,Prince William County,46.0,52.0,0.0
Ashlawn Elementary,Arlington County,18.0,80.0,0.0
Atkins Elementary,Smyth County,59.0,32.0,5.0
Atlee High,Hanover County,27.0,69.0,2.0
Auburn Elementary,Montgomery County,55.0,45.0,0.0
Auburn High,Montgomery County,24.0,70.0,2.0
Auburn Middle,Fauquier County,43.0,53.0,2.0
Auburn Middle,Montgomery County,63.0,33.0,3.0
Axton Elementary,Henry County,63.0,37.0,0.0
Azalea Gardens Middle,Norfolk City,31.0,52.0,5.0
Back Creek Elementary,Roanoke County,50.0,46.0,0.0
Bailey Bridge Middle,Chesterfield County,47.0,49.0,1.0
Bailey's Upper Elementary School for the Arts and Sciences,Fairfax County,28.0,70.0,0.0
Baker-Butler Elem,Albemarle County,32.0,68.0,0.0
Baldwin Elementary,Manassas City,35.0,63.0,0.0
Baldwin Intermediate,Manassas City,38.0,63.0,0.0
Ball's Bluff Elementary,Loudoun County,19.0,78.0,2.0
Banneker Elementary,Loudoun County,22.0,78.0,0.0
Barack Obama Elementary,Richmond City,30.0,70.0,0.0
Barcroft Elementary,Arlington County,22.0,76.0,0.0
Barrett Elementary,Arlington County,30.0,64.0,2.0
Barron Elementary,Hampton City,38.0,62.0,0.0
Bass-Hoover Elementary,Frederick County,49.0,49.0,0.0
Bassett High,Henry County,46.0,49.0,0.0
Bath County High,Bath County,32.0,54.0,4.0
Battlefield Elementary,Spotsylvania County,48.0,44.0,0.0
Battlefield Middle,Spotsylvania County,42.0,56.0,0.0
Battlefield Park Elementary,Hanover County,29.0,71.0,0.0
Bay View Elementary,Norfolk City,39.0,56.0,2.0
Bayside 6th Grade Campus,Virginia Beach City,53.0,47.0,0.0
Bayside Elementary,Virginia Beach City,56.0,39.0,0.0
Bayside High,Virginia Beach City,49.0,46.0,4.0
Bayside Middle,Virginia Beach City,50.0,46.0,2.0
Beaverdam Elementary,Hanover County,14.0,83.0,3.0
Bedford Elementary,Bedford County,59.0,38.0,0.0
Bedford Hills Elementary,Lynchburg City,50.0,42.0,0.0
Beech Tree Elementary,Fairfax County,23.0,74.0,2.0
Bel Air Elementary,Prince William County,27.0,71.0,0.0
Belfast Elementary,Russell County,45.0,55.0,0.0
Belfield Elementary,Greensville County,76.0,18.0,0.0
Bell Creek Middle,Hanover County,40.0,57.0,1.0
Belle Heth Elementary,Radford City,48.0,51.0,0.0
Belle View Elementary,Fairfax County,28.0,70.0,2.0
Bellevue Elementary,Richmond City,33.0,62.0,0.0
Bellwood Elementary,Chesterfield County,41.0,59.0,0.0
Belmont Elementary,Prince William County,31.0,69.0,0.0
Belmont Ridge Middle,Loudoun County,32.0,64.0,2.0
Belvedere Elementary,Fairfax County,35.0,63.0,2.0
Belview Elementary,Montgomery County,52.0,45.0,3.0
Benjamin Franklin Middle,Franklin County,48.0,50.0,0.0
Benjamin Syms Middle,Hampton City,52.0,42.0,2.0
Bennett Elementary,Prince William County,30.0,70.0,0.0
Bensley Elementary,Chesterfield County,44.0,56.0,0.0
Berkeley Elementary,Spotsylvania County,24.0,73.0,0.0
Berkeley Middle,Williamsburg-James City County,28.0,66.0,1.0
Bessie Weller Elementary,Staunton City,56.0,41.0,0.0
Bethel Elementary,Gloucester County,41.0,57.0,0.0
Bethel High,Hampton City,40.0,52.0,2.0
Bethel Manor Elementary,York County,40.0,60.0,0.0
Bettie Weaver Elementary,Chesterfield County,44.0,54.0,0.0
Beulah Elementary,Chesterfield County,51.0,47.0,1.0
Beverley Manor Middle,Augusta County,45.0,48.0,2.0
Big Island Elementary,Bedford County,63.0,38.0,0.0
Binford Middle,Richmond City,25.0,70.0,3.0
Birdneck Elementary,Virginia Beach City,49.0,49.0,2.0
Blacksburg High,Montgomery County,30.0,65.0,0.0
Blacksburg Middle,Montgomery County,34.0,63.0,2.0
Blackstone Primary,Nottoway County,54.0,43.0,3.0
Blackwell Elementary,Richmond City,34.0,66.0,0.0
Blair Middle,Norfolk City,41.0,53.0,1.0
Bland County High,Bland County,47.0,51.0,1.0
Blue Ridge Elementary,Patrick County,67.0,30.0,0.0
Blue Ridge Middle,Loudoun County,31.0,66.0,2.0
Bluestone Elementary,Harrisonburg City,27.0,73.0,0.0
Bon Air Elementary,Chesterfield County,43.0,55.0,2.0
Bonnie Brae Elementary,Fairfax County,20.0,77.0,1.0
Bonsack Elementary,Roanoke County,61.0,39.0,0.0
Booker T Washington High,Norfolk City,24.0,56.0,5.0
Booker T. Washington Elementary,Suffolk City,43.0,54.0,3.0
Boones Mill Elementary,Franklin County,55.0,39.0,0.0
Boonsboro Elementary,Bedford County,39.0,61.0,0.0
Botetourt Elementary,Gloucester County,43.0,55.0,0.0
Bowling Green Elementary,Caroline County,52.0,46.0,0.0
Boyce Elementary,Clarke County,52.0,48.0,0.0
Braddock Elementary,Fairfax County,29.0,66.0,2.0
Brambleton Middle,Loudoun County,30.0,69.0,0.0
Brandon Middle,Virginia Beach City,51.0,46.0,0.0
Breckinridge Elementary,Botetourt County,46.0,50.0,0.0
Breckinridge Middle,Roanoke City,41.0,45.0,3.0
Bren Mar Park Elementary,Fairfax County,29.0,71.0,0.0
Brentsville District High,Prince William County,24.0,75.0,1.0
Bristow Run Elementary,Prince William County,27.0,71.0,0.0
Broad Rock Elementary,Richmond City,31.0,69.0,0.0
Broad Run High,Loudoun County,26.0,73.0,1.0
Broadus Wood Elementary,Albemarle County,41.0,59.0,0.0
Broadway High,Rockingham County,41.0,59.0,0.0
Brock Road Elementary,Spotsylvania County,41.0,57.0,0.0
Brooke Point High,Stafford County,33.0,55.0,4.0
Brookfield Elementary,Fairfax County,25.0,72.0,1.0
Brookland Middle,Henrico County,35.0,58.0,5.0
Brookneal Elementary,Campbell County,57.0,43.0,0.0
Brookville High,Campbell County,49.0,46.0,0.0
Brookville Middle,Campbell County,56.0,44.0,0.0
Brookwood Elementary,Virginia Beach City,53.0,48.0,0.0
Brownsville Elementary,Albemarle County,46.0,51.0,0.0
Brunswick High,Brunswick County,48.0,32.0,7.0
Bruton High,York County,30.0,58.0,6.0
Bryant High,Fairfax County,18.0,75.0,5.0
Buchanan Elementary,Botetourt County,39.0,61.0,0.0
Buckingham Co Elementary,Buckingham County,50.0,41.0,0.0
Buckingham County High,Buckingham County,40.0,46.0,0.0
Buckingham County Middle,Buckingham County,49.0,49.0,0.0
Buckland Mills Elementary,Prince William County,34.0,62.0,0.0
Bucknell Elementary,Fairfax County,24.0,68.0,2.0
Buffalo Gap High,Augusta County,51.0,45.0,2.0
Buffalo Trail Elementary,Loudoun County,22.0,75.0,1.0
Buford Middle,Charlottesville City,34.0,61.0,4.0
Bull Run Elementary,Fairfax County,34.0,65.0,0.0
Bull Run Middle,Prince William County,18.0,75.0,1.0
Burlington Elementary,Roanoke County,59.0,38.0,0.0
Burnley-Moran Elementary,Charlottesville City,39.0,53.0,3.0
Burnt Chimney Elementary,Franklin County,50.0,50.0,0.0
Bush Hill Elementary,Fairfax County,39.0,61.0,0.0
Butts Road Intermediate,Chesapeake City,45.0,47.0,4.0
Byrd Elementary,Goochland County,39.0,55.0,0.0
C. Alton Lindsay Middle,Hampton City,57.0,41.0,2.0
C. Hunter Ritchie Elementary,Fauquier County,34.0,63.0,0.0
C.A. Sinclair Elementary,Prince William County,26.0,69.0,0.0
C.C. Wells Elementary,Chesterfield County,31.0,67.0,0.0
C.D. Hylton High,Prince William County,33.0,61.0,0.0
C.E. Curtis Elementary,Chesterfield County,43.0,57.0,0.0
C.M. Bradley Elementary,Fauquier County,53.0,47.0,0.0
Callaghan Elementary,Alleghany Highlands,48.0,52.0,0.0
Callaway Elementary,Franklin County,39.0,61.0,0.0
Camelot Elementary,Chesapeake City,35.0,63.0,0.0
Camelot Elementary,Fairfax County,36.0,60.0,2.0
Cameron Elementary,Fairfax County,29.0,71.0,0.0
Camp Allen Elementary,Norfolk City,41.0,51.0,0.0
Campbell Court Elementary,Henry County,69.0,27.0,0.0
Campbell Elementary,Arlington County,25.0,75.0,0.0
Canterbury Woods Elementary,Fairfax County,24.0,71.0,5.0
Capron Elementary,Southampton County,46.0,42.0,8.0
Captain John Smith Elementary,Hampton City,52.0,45.0,0.0
Cardinal Elementary,Arlington County,30.0,66.0,0.0
Cardinal Elementary,Richmond City,39.0,59.0,0.0
Cardinal Forest Elementary,Fairfax County,25.0,74.0,0.0
Carlin Springs Elementary,Arlington County,17.0,79.0,3.0
Caroline High,Caroline County,47.0,47.0,0.0
Caroline Middle,Caroline County,52.0,43.0,0.0
Carroll County High,Carroll County,41.0,52.0,2.0
Carroll County Middle,Carroll County,46.0,49.0,2.0
Carrollton Elementary,Isle of Wight County,39.0,56.0,0.0
Carrsville Elementary,Isle of Wight County,46.0,50.0,0.0
Carson Middle,Fairfax County,31.0,68.0,0.0
Carter G. Woodson Middle,Hopewell City,61.0,35.0,0.0
Carver College and Career Academy,Chesterfield County,47.0,45.0,6.0
Carver Elementary,Newport News City,38.0,50.0,0.0
Carver Middle,Chesterfield County,52.0,43.0,2.0
Carysbrook Elementary,Fluvanna County,53.0,47.0,0.0
Cashell Donahoe Elementary,Henrico County,28.0,67.0,0.0
Cassell Elementary,Augusta County,59.0,41.0,0.0
Castlewood Elementary,Russell County,69.0,28.0,0.0
Castlewood High,Russell County,36.0,62.0,3.0
Catoctin Elementary,Loudoun County,16.0,84.0,0.0
Cave Spring Elementary,Roanoke County,44.0,56.0,0.0
Cave Spring High,Roanoke County,34.0,65.0,0.0
Cave Spring Middle,Roanoke County,49.0,50.0,1.0
Cedar Bluff Elementary,Tazewell County,58.0,42.0,0.0
Cedar Forest Elementary,Spotsylvania County,33.0,65.0,2.0
Cedar Lane Elementary,Loudoun County,23.0,75.0,1.0
Cedar Lee Middle,Fauquier County,49.0,43.0,3.0
Cedar Point Elementary,Prince William County,24.0,74.0,0.0
Cedar Road Elementary,Chesapeake City,29.0,68.0,2.0
Centerville Elementary,Virginia Beach City,30.0,66.0,0.0
Central Academy Middle,Botetourt County,57.0,41.0,2.0
Central Elementary,Amherst County,36.0,57.0,0.0
Central Elementary,Rockbridge County,44.0,56.0,0.0
Central High,King and Queen County,50.0,45.0,3.0
Central High,Lunenburg County,54.0,36.0,0.0
Central High,Shenandoah County,49.0,49.0,1.0
Central High,Wise County,58.0,42.0,0.0
Centre Ridge Elementary,Fairfax County,28.0,72.0,0.0
Centreville Elementary,Fairfax County,23.0,77.0,0.0
Centreville High,Fairfax County,20.0,77.0,2.0
Cesar Tarrant Middle,Hampton City,45.0,45.0,0.0
Chamberlayne Elementary,Henrico County,55.0,42.0,3.0
Chancellor Elementary,Spotsylvania County,34.0,59.0,0.0
Chancellor High,Spotsylvania County,43.0,52.0,0.0
Chancellor Middle,Spotsylvania County,44.0,54.0,2.0
Chantilly High,Fairfax County,23.0,73.0,4.0
Charles Barrett Elementary,Alexandria City,25.0,70.0,3.0
Charles City County Elementary,Charles City County,39.0,52.0,9.0
Charles City County High,Charles City County,41.0,47.0,3.0
Charles J. Colgan Sr. High,Prince William County,28.0,67.0,3.0
Charles M. Johnson Elementary,Henrico County,46.0,54.0,0.0
Charlottesville High,Charlottesville City,34.0,62.0,2.0
Chase City Elementary,Mecklenburg County,64.0,31.0,6.0
Chatham Elementary,Pittsylvania County,64.0,29.0,0.0
Chatham High,Pittsylvania County,51.0,42.0,0.0
Chatham Middle,Pittsylvania County,56.0,33.0,4.0
Check Elementary,Floyd County,50.0,47.0,0.0
Cherry Run Elementary,Fairfax County,13.0,85.0,2.0
Chesterbrook Elementary,Fairfax County,17.0,80.0,0.0
Chesterfield Elementary,Norfolk City,31.0,44.0,8.0
Chickahominy Middle,Hanover County,35.0,63.0,1.0
Chilhowie Elementary,Smyth County,52.0,44.0,2.0
Chilhowie High,Smyth County,58.0,40.0,0.0
Chilhowie Middle,Smyth County,74.0,23.0,0.0
Chimborazo Elementary,Richmond City,33.0,67.0,0.0
Chincoteague Elementary,Accomack County,50.0,35.0,10.0
Chincoteague High,Accomack County,45.0,45.0,3.0
Chris Yung Elementary,Prince William County,25.0,72.0,0.0
Christiansburg Elementary,Montgomery County,36.0,62.0,2.0
Christiansburg High,Montgomery County,32.0,62.0,1.0
Christiansburg Middle,Montgomery County,41.0,58.0,0.0
Christopher Farms Elementary,Virginia Beach City,44.0,53.0,0.0
Churchill Road Elementary,Fairfax County,28.0,67.0,4.0
Churchland Academy Elementary,Portsmouth City,43.0,50.0,2.0
Churchland Elementary,Portsmouth City,39.0,45.0,3.0
Churchland High,Portsmouth City,49.0,41.0,1.0
Churchland Middle,Portsmouth City,59.0,33.0,2.0
Churchland Primary & Intermediate,Portsmouth City,45.0,53.0,2.0
Churchville Elementary,Augusta County,59.0,38.0,0.0
Clara Byrd Baker Elementary,Williamsburg-James City County,34.0,60.0,2.0
Claremont Immersion,Arlington County,30.0,61.0,4.0
Clark Elementary,Charlottesville City,34.0,63.0,0.0
Clarke County High,Clarke County,46.0,49.0,0.0
Clarksville Elementary,Mecklenburg County,49.0,49.0,0.0
Claude Thompson Elementary,Fauquier County,38.0,62.0,0.0
Clays Mill Elementary,Halifax County,66.0,31.0,3.0
Clearbrook Elementary,Roanoke County,38.0,53.0,0.0
Clearview Elementary,Fairfax County,26.0,72.0,1.0
Clermont Elementary,Fairfax County,31.0,69.0,0.0
Clifton Middle,Alleghany Highlands,54.0,46.0,0.0
Clintwood Elementary,Dickenson County,68.0,24.0,2.0
Clover Hill Elementary,Chesterfield County,49.0,47.0,0.0
Clover Hill High,Chesterfield County,39.0,60.0,0.0
Cloverdale Elementary,Botetourt County,44.0,52.0,0.0
Cluster Springs Elementary,Halifax County,46.0,52.0,0.0
Coates Elementary,Fairfax County,30.0,70.0,0.0
Coeburn Middle,Wise County,55.0,40.0,0.0
Coeburn Primary,Wise County,73.0,22.0,4.0
Cold Harbor Elementary,Hanover County,24.0,72.0,0.0
Coleman Place Elementary,Norfolk City,47.0,42.0,4.0
Coles Elementary,Prince William County,32.0,66.0,0.0
College Park Elementary,Virginia Beach City,38.0,58.0,0.0
Colonel Fred Cherry Middle,Suffolk City,51.0,40.0,2.0
Colonial Beach Elementary,Colonial Beach,54.0,25.0,0.0
Colonial Beach High,Colonial Beach,63.0,32.0,5.0
Colonial Elementary,Botetourt County,53.0,42.0,0.0
Colonial Forge High,Stafford County,31.0,63.0,3.0
Colonial Heights High,Colonial Heights City,49.0,47.0,0.0
Colonial Heights Middle,Colonial Heights City,60.0,40.0,0.0
Colonial Trail Elementary,Henrico County,43.0,57.0,0.0
Columbia Elementary,Fairfax County,26.0,71.0,2.0
Colvin Run Elementary,Fairfax County,24.0,75.0,0.0
Community Lab School,Albemarle County,31.0,56.0,6.0
Concord Elementary,Campbell County,54.0,43.0,0.0
Conway Elementary,Stafford County,42.0,56.0,0.0
Cool Spring Elementary,Hanover County,32.0,67.0,0.0
Cool Spring Elementary,Loudoun County,22.0,77.0,1.0
Cool Spring Elementary,Petersburg City,53.0,48.0,0.0
Cooper Middle,Fairfax County,26.0,72.0,1.0
Cople Elementary,Westmoreland County,53.0,38.0,0.0
Cora Kelly School for Math Science and Technology,Alexandria City,42.0,50.0,4.0
Corporate Landing Elementary,Virginia Beach City,34.0,61.0,0.0
Corporate Landing Middle,Virginia Beach City,36.0,60.0,2.0
Cosby High,Chesterfield County,31.0,66.0,2.0
Council Elementary/Middle,Buchanan County,59.0,41.0,0.0
Countryside Elementary,Loudoun County,27.0,72.0,0.0
Courthouse Road Elementary,Spotsylvania County,49.0,51.0,0.0
Courtland Elementary,Spotsylvania County,40.0,60.0,0.0
Courtland High,Spotsylvania County,38.0,59.0,1.0
Coventry Elementary,York County,27.0,71.0,0.0
Covington High,Alleghany Highlands,50.0,50.0,0.0
Covington-Harper Elementary,Prince William County,33.0,56.0,0.0
Cradock Elementary,Portsmouth City,43.0,50.0,3.0
Cradock Middle,Portsmouth City,42.0,48.0,3.0
Craig County High,Craig County,62.0,35.0,0.0
Craigsville Elementary,Augusta County,52.0,35.0,0.0
Creeds Elementary,Virginia Beach City,26.0,70.0,0.0
Creekside Elementary,Suffolk City,50.0,48.0,2.0
Creighton's Corner Elementary,Loudoun County,24.0,74.0,2.0
Crestview Elementary,Henrico County,45.0,55.0,0.0
Crestwood Elementary,Chesterfield County,39.0,59.0,2.0
Crestwood Elementary,Fairfax County,32.0,66.0,0.0
Crestwood Intermediate,Chesapeake City,41.0,49.0,3.0
Crestwood Middle,Chesapeake City,32.0,63.0,0.0
Crewe Primary,Nottoway County,50.0,50.0,0.0
Crittenden Middle,Newport News City,33.0,49.0,1.0
Critzer Elementary,Pulaski County,59.0,33.0,2.0
Crossfield Elementary,Fairfax County,22.0,78.0,0.0
Crossroads PreK-8 School,Norfolk City,39.0,60.0,1.0
Crozet Elementary,Albemarle County,33.0,61.0,0.0
Crystal Spring Elementary,Roanoke City,43.0,40.0,0.0
Cub Run Elementary,Fairfax County,31.0,69.0,0.0
Cub Run Elementary,Rockingham County,57.0,43.0,0.0
Culpeper County High,Culpeper County,48.0,48.0,3.0
Culpeper Middle,Culpeper County,57.0,34.0,2.0
Cumberland Elementary,Cumberland County,58.0,40.0,2.0
Cumberland High,Cumberland County,40.0,56.0,2.0
Cumberland Middle,Cumberland County,53.0,48.0,0.0
Cunningham Park Elementary,Fairfax County,31.0,65.0,4.0
D.G. Cooley Elementary,Clarke County,41.0,59.0,0.0
D.J. Montague Elementary,Williamsburg-James City County,38.0,58.0,0.0
Dale City Elementary,Prince William County,40.0,58.0,2.0
Damascus Middle,Washington County,41.0,59.0,0.0
Dan River High,Pittsylvania County,50.0,46.0,0.0
Dan River Middle,Pittsylvania County,61.0,35.0,0.0
Daniel Morgan Intermediate,Winchester City,32.0,53.0,8.0
Daniel Morgan Middle,Winchester City,33.0,65.0,2.0
Daniels Run Elementary,Fairfax County,21.0,77.0,1.0
Dare Elementary,York County,27.0,68.0,3.0
David A. Dutrow Elementary,Newport News City,31.0,66.0,0.0
David A. Harrison Elementary,Prince George County,56.0,33.0,0.0
Deep Creek Central Elementary,Chesapeake City,34.0,63.0,2.0
Deep Creek Elementary,Chesapeake City,36.0,50.0,2.0
Deep Creek High,Chesapeake City,36.0,59.0,2.0
Deep Creek Middle,Chesapeake City,33.0,62.0,0.0
Deep Run High,Henrico County,39.0,57.0,2.0
Deer Park Elementary,Fairfax County,16.0,82.0,2.0
Deer Park Elementary,Newport News City,41.0,41.0,0.0
Denbigh High,Newport News City,32.0,54.0,1.0
Dinwiddie County High,Dinwiddie County,53.0,44.0,2.0
Dinwiddie County Middle,Dinwiddie County,56.0,42.0,0.0
Dinwiddie Elementary,Dinwiddie County,51.0,49.0,0.0
Discovery Elementary,Arlington County,16.0,78.0,4.0
Discovery Elementary,Loudoun County,27.0,71.0,0.0
Discovery STEM Academy,Newport News City,36.0,55.0,0.0
Dogwood Elementary,Fairfax County,28.0,72.0,0.0
Dominion High,Loudoun County,22.0,72.0,4.0
Dominion Trail Elementary,Loudoun County,37.0,63.0,0.0
Donald B. Dixon-Lyle R. Smith Middle,Stafford County,38.0,57.0,0.0
Dorothy Hamm Middle,Arlington County,23.0,75.0,0.0
Douglas MacArthur Elementary,Alexandria City,26.0,71.0,3.0
Douglas S. Freeman High,Henrico County,29.0,70.0,0.0
Douglass Park Elementary,Portsmouth City,38.0,44.0,3.0
Dr. Charles R. Drew Elementary,Arlington County,27.0,67.0,0.0
Dranesville Elementary,Fairfax County,38.0,63.0,0.0
Drewry Mason Elementary,Henry County,52.0,48.0,0.0
Dryden Elementary,Lee County,50.0,47.0,0.0
Dublin Elementary,Pulaski County,46.0,52.0,2.0
Dudley Elementary,Franklin County,72.0,24.0,0.0
Duffield-Pattonsville Primary,Scott County,68.0,29.0,0.0
Dumbarton Elementary,Henrico County,46.0,51.0,0.0
Dumfries Elementary,Prince William County,41.0,57.0,0.0
Dungannon Elementary School,Scott County,50.0,50.0,0.0
Dupont Elementary,Hopewell City,59.0,38.0,2.0
E. Wilson Morrison Elementary,Warren County,62.0,36.0,0.0
E.B. Stanley Middle,Washington County,44.0,53.0,2.0
E.H. Marsteller Middle,Prince William County,37.0,62.0,1.0
Eagle Ridge Middle,Loudoun County,25.0,74.0,1.0
Eagle Rock Elementary,Botetourt County,41.0,53.0,0.0
Eagle View Elementary,Fairfax County,18.0,80.0,2.0
East Rockingham High,Rockingham County,49.0,48.0,2.0
East Salem Elementary,Salem City,44.0,53.0,0.0
Eastern Montgomery Elementary,Montgomery County,43.0,57.0,0.0
Eastern Montgomery High,Montgomery County,32.0,55.0,2.0
Eastern View High,Culpeper County,51.0,38.0,2.0
Eastside High,Wise County,48.0,48.0,0.0
Echo Lake Elementary,Henrico County,31.0,69.0,0.0
Ecoff Elementary,Chesterfield County,41.0,59.0,0.0
Edison High,Fairfax County,21.0,77.0,2.0
Edward E. Drew Jr. Middle,Stafford County,40.0,55.0,2.0
Edward G. Clymore Elementary,Augusta County,43.0,56.0,0.0
Edward W. Wyatt Middle,Greensville County,54.0,44.0,2.0
Edwin A. Gibson Elementary,Danville City,53.0,44.0,3.0
Edwin W. Chittum Elementary,Chesapeake City,43.0,55.0,0.0
Elephant's Fork Elementary,Suffolk City,35.0,59.0,0.0
Elizabeth D. Redd Elementary,Richmond City,10.0,86.0,3.0
Elizabeth Davis Middle,Chesterfield County,50.0,48.0,1.0
Elizabeth Holladay Elementary,Henrico County,31.0,65.0,0.0
Elizabeth Scott Elementary,Chesterfield County,54.0,45.0,0.0
Elizabeth Vaughan Elementary,Prince William County,42.0,54.0,2.0
Elk Knob Elementary,Lee County,63.0,37.0,0.0
Elko Middle,Henrico County,54.0,37.0,3.0
Elkton Elementary,Rockingham County,32.0,68.0,0.0
Elkton Middle,Rockingham County,48.0,50.0,0.0
Elmont Elementary,Hanover County,30.0,68.0,0.0
Elon Elementary,Amherst County,44.0,53.0,0.0
Elydale Middle,Lee County,60.0,27.0,0.0
Emerald Hill Elementary,Culpeper County,43.0,53.0,2.0
Emerick Elementary,Loudoun County,15.0,85.0,0.0
Enderly Heights Elementary,Buena Vista City,38.0,63.0,0.0
Enon Elementary,Chesterfield County,58.0,40.0,0.0
Enterprise Elementary,Prince William County,50.0,43.0,0.0
Ervinton Elementary,Dickenson County,70.0,25.0,0.0
Escuela Key Elementary,Arlington County,25.0,75.0,0.0
Essex High,Essex County,45.0,53.0,0.0
Ethel M. Gildersleeve Middle,Newport News City,32.0,55.0,2.0
Ettrick Elementary,Chesterfield County,34.0,60.0,4.0
Evendale Elementary,Frederick County,49.0,49.0,2.0
Evergreen Elementary,Chesterfield County,43.0,56.0,0.0
Evergreen Mill Elementary,Loudoun County,26.0,73.0,0.0
Fair Oaks Elementary,Henrico County,34.0,66.0,0.0
Fairfax High,Fairfax County,22.0,75.0,2.0
Fairfax Villa Elementary,Fairfax County,34.0,64.0,0.0
Fairfield Court Elementary,Richmond City,48.0,48.0,4.0
Fairfield Elementary,Rockbridge County,39.0,58.0,0.0
Fairfield Elementary,Virginia Beach City,45.0,45.0,0.0
Fairfield Middle,Henrico County,41.0,53.0,1.0
Fairhill Elementary,Fairfax County,25.0,75.0,0.0
Fairview Elementary,Fairfax County,37.0,61.0,0.0
Fairview Elementary,Grayson County,63.0,33.0,0.0
Fairview Elementary,Roanoke City,61.0,28.0,0.0
Falling Branch Elementary,Montgomery County,48.0,52.0,0.0
Falling Creek Elementary,Chesterfield County,38.0,61.0,0.0
Falling Creek Middle,Chesterfield County,49.0,44.0,2.0
Fallon Park Elementary,Roanoke City,49.0,42.0,0.0
Falls Church High,Fairfax County,21.0,73.0,4.0
Falmouth Elementary,Stafford County,42.0,44.0,2.0
Fancy Gap Elementary,Carroll County,24.0,71.0,6.0
Fannie W. Fitzgerald Elementary,Prince William County,36.0,59.0,3.0
Farmington Elementary,Culpeper County,41.0,55.0,0.0
Farmwell Station Middle,Loudoun County,30.0,70.0,0.0
Fauquier High,Fauquier County,40.0,52.0,2.0
Featherstone Elementary,Prince William County,29.0,65.0,4.0
Ferdinand T. Day Elementary,Alexandria City,32.0,61.0,3.0
Ferrum Elementary,Franklin County,55.0,41.0,0.0
Ferry Farm Elementary,Stafford County,38.0,60.0,0.0
First Colonial High,Virginia Beach City,43.0,52.0,3.0
Fishburn Park Elementary,Roanoke City,37.0,47.0,0.0
Flat Rock Elementary,Powhatan County,41.0,53.0,3.0
Flatwoods Elementary,Lee County,61.0,36.0,0.0
Flint Hill Elementary,Fairfax County,36.0,64.0,0.0
Florence Bowser Elementary,Suffolk City,40.0,53.0,0.0
Floris Elementary,Fairfax County,25.0,74.0,1.0
Floyd County High,Floyd County,46.0,46.0,0.0
Floyd Elementary,Floyd County,47.0,43.0,4.0
Floyd Kellam High,Virginia Beach City,47.0,48.0,2.0
Floyd T. Binns Middle,Culpeper County,60.0,36.0,1.0
Fluvanna County High,Fluvanna County,44.0,49.0,2.0
Fluvanna Middle,Fluvanna County,51.0,49.0,0.0
Forest Edge Elementary,Fairfax County,24.0,76.0,0.0
Forest Elementary,Bedford County,52.0,48.0,0.0
Forest Glen Middle,Suffolk City,56.0,40.0,0.0
Forest Grove Elementary,Loudoun County,36.0,62.0,1.0
Forest Hills Elementary,Danville City,46.0,50.0,4.0
Forest Middle,Bedford County,49.0,46.0,1.0
Forest Park High,Prince William County,29.0,66.0,2.0
Forestdale Elementary,Fairfax County,33.0,64.0,0.0
Forestville Elementary,Fairfax County,28.0,72.0,0.0
Fort Belvoir Upper Elementary,Fairfax County,39.0,52.0,3.0
Fort Blackmore Primary,Scott County,46.0,46.0,0.0
Fort Chiswell High,Wythe County,66.0,27.0,0.0
Fort Chiswell Middle,Wythe County,66.0,31.0,0.0
Fort Defiance High,Augusta County,38.0,62.0,0.0
Fort Hunt Elementary,Fairfax County,35.0,65.0,0.0
Fort Lewis Elementary,Roanoke County,37.0,63.0,0.0
Fox Mill Elementary,Fairfax County,37.0,63.0,0.0
Frances Hazel Reid Elementary,Loudoun County,28.0,69.0,1.0
Francis Asbury Elementary,Hampton City,61.0,39.0,0.0
Francis C. Hammond Middle,Alexandria City,28.0,66.0,2.0
Francis W. Jones Magnet Middle,Hampton City,41.0,53.0,0.0
Franconia Elementary,Fairfax County,27.0,73.0,0.0
Frank W. Cox High,Virginia Beach City,42.0,54.0,2.0
Franklin County High,Franklin County,48.0,46.0,0.0
Franklin High,Franklin City,38.0,38.0,3.0
Franklin Middle,Fairfax County,27.0,72.0,0.0
Franklin Military Academy,Richmond City,45.0,43.0,5.0
Fred M. Lynn Middle,Prince William County,39.0,58.0,1.0
Frederick County Middle,Frederick County,36.0,60.0,3.0
Frederick Douglass Elementary,Loudoun County,26.0,69.0,0.0
Frederick Douglass Elementary,Winchester City,42.0,48.0,0.0
Freedom Hill Elementary,Fairfax County,21.0,75.0,4.0
Freedom Middle,Spotsylvania County,39.0,53.0,0.0
Fries Elementary,Grayson County,64.0,31.0,3.0
Frost Middle,Fairfax County,21.0,79.0,0.0
Fulks Run Elementary,Rockingham County,59.0,41.0,0.0
G.A. Treakle Elementary,Chesapeake City,29.0,65.0,0.0
G.H. Reid Elementary,Richmond City,43.0,57.0,0.0
G.L.H. Johnson Elementary,Danville City,50.0,47.0,0.0
G.W. Carver Elementary,Salem City,38.0,63.0,0.0
Gainesboro Elementary,Frederick County,57.0,40.0,0.0
Gainesville High,Prince William County,23.0,74.0,1.0
Gainesville Middle,Prince William County,33.0,65.0,1.0
Galax Elementary,Galax City,50.0,45.0,2.0
Galax High,Galax City,38.0,55.0,0.0
Galax Middle,Galax City,53.0,40.0,5.0
Galileo Magnet High,Danville City,46.0,50.0,0.0
Gar-Field High,Prince William County,30.0,65.0,2.0
Garden City Elementary,Roanoke City,53.0,26.0,0.0
Garfield Elementary,Fairfax County,26.0,74.0,0.0
Garland R. Quarles Elementary,Winchester City,48.0,40.0,7.0
Garrisonville Elementary,Stafford County,33.0,61.0,0.0
Gate City High,Scott County,54.0,42.0,2.0
Gate City Middle,Scott County,65.0,35.0,0.0
Gayton Elementary,Henrico County,32.0,68.0,0.0
General Stanford Elementary,Newport News City,44.0,53.0,0.0
George Carr Round Elementary,Manassas City,31.0,67.0,0.0
George F. Baker Elementary,Henrico County,44.0,53.0,3.0
George G. Tyler Elementary,Prince William County,33.0,64.0,0.0
George H. Moody Middle,Henrico County,30.0,68.0,2.0
George M. Hampton Middle,Prince William County,45.0,49.0,1.0
George Mason Elementary,Alexandria City,17.0,79.0,3.0
George P. Mullen Elementary,Prince William County,45.0,52.0,0.0
George P. Phenix Elementary,Hampton City,45.0,49.0,1.0
George W. Carver Elementary,Richmond City,52.0,41.0,7.0
George W. Carver Intermediate,Chesapeake City,33.0,60.0,2.0
George W. Watkins Elementary,New Kent County,44.0,55.0,0.0
George Washington High,Danville City,32.0,61.0,3.0
George Washington Middle,Alexandria City,30.0,66.0,3.0
George Wythe High,Richmond City,46.0,51.0,3.0
George Wythe High,Wythe County,66.0,29.0,0.0
Georgetown Primary,Chesapeake City,37.0,58.0,0.0
Georgie D. Tyler Middle,Isle of Wight County,34.0,55.0,0.0
Ghent K-8,Norfolk City,48.0,43.0,5.0
Gilbert Linkous Elementary,Montgomery County,45.0,55.0,0.0
Giles High,Giles County,53.0,47.0,0.0
Ginter Park Elementary,Richmond City,44.0,56.0,0.0
Glade Hill Elementary,Franklin County,68.0,27.0,0.0
Glade Spring Middle,Washington County,48.0,50.0,0.0
Gladesboro Elementary,Carroll County,50.0,44.0,6.0
Gladeville Elementary,Carroll County,52.0,38.0,3.0
Glasgow Middle,Fairfax County,30.0,67.0,2.0
Glebe Elementary,Arlington County,9.0,89.0,0.0
Glen Allen Elementary,Henrico County,34.0,66.0,0.0
Glen Allen High,Henrico County,34.0,61.0,2.0
Glen Cove Elementary,Roanoke County,50.0,47.0,0.0
Glen Forest Elementary,Fairfax County,29.0,70.0,1.0
Glen Lea Elementary,Henrico County,35.0,62.0,0.0
Glenkirk Elementary,Prince William County,36.0,64.0,0.0
Glenvar Elementary,Roanoke County,61.0,39.0,0.0
Glenvar High,Roanoke County,44.0,51.0,2.0
Glenvar Middle,Roanoke County,59.0,39.0,2.0
Glenwood Elementary,Virginia Beach City,46.0,54.0,0.0
Gloucester High,Gloucester County,43.0,49.0,1.0
Goochland Elementary,Goochland County,38.0,58.0,0.0
Goochland High,Goochland County,39.0,53.0,3.0
Goochland Middle,Goochland County,35.0,61.0,0.0
Goodview Elementary,Bedford County,62.0,33.0,0.0
Gordon-Barbour Elementary,Orange County,54.0,40.0,0.0
Goshen Post Elementary,Loudoun County,43.0,57.0,0.0
Grace Miller Elementary,Fauquier County,50.0,47.0,0.0
Grafton Bethel Elementary,York County,40.0,57.0,0.0
Grafton High,York County,28.0,65.0,3.0
Grafton Middle,York County,34.0,62.0,1.0
Grafton Village Elementary,Stafford County,33.0,56.0,0.0
Graham High,Tazewell County,49.0,49.0,2.0
Graham Intermediate,Tazewell County,64.0,32.0,0.0
Graham Middle,Tazewell County,68.0,30.0,3.0
Graham Park Middle,Prince William County,40.0,55.0,0.0
Graham Road Elementary,Fairfax County,30.0,70.0,0.0
Granby Elementary,Norfolk City,37.0,50.0,2.0
Granby High,Norfolk City,39.0,56.0,1.0
Grandin Court Elementary,Roanoke City,31.0,49.0,0.0
Grange Hall Elementary,Chesterfield County,42.0,55.0,0.0
Grassfield Elementary,Chesapeake City,37.0,58.0,0.0
Grassfield High,Chesapeake City,37.0,55.0,1.0
Grayson County High,Grayson County,51.0,35.0,3.0
Grayson Highlands,Grayson County,57.0,38.0,0.0
Great Bridge High,Chesapeake City,33.0,63.0,1.0
Great Bridge Intermediate,Chesapeake City,44.0,56.0,0.0
Great Bridge Middle,Chesapeake City,38.0,61.0,0.0
Great Falls Elementary,Fairfax County,25.0,73.0,0.0
Great Neck Middle,Virginia Beach City,41.0,57.0,1.0
Green Run Collegiate,Virginia Beach City,49.0,41.0,8.0
Green Run Elementary,Virginia Beach City,41.0,54.0,3.0
Green Run High,Virginia Beach City,46.0,49.0,1.0
Green Valley Elementary,Roanoke County,58.0,43.0,0.0
Greenbriar East Elementary,Fairfax County,25.0,72.0,0.0
Greenbriar West Elementary,Fairfax County,31.0,69.0,0.0
Greenbrier Elementary,Charlottesville City,27.0,68.0,0.0
Greenbrier Intermediate,Chesapeake City,26.0,70.0,2.0
Greenbrier Middle,Chesapeake City,37.0,55.0,2.0
Greendale Elementary,Washington County,51.0,49.0,0.0
Greenfield Elementary,Botetourt County,36.0,64.0,0.0
Greenfield Elementary,Chesterfield County,36.0,62.0,0.0
Greensville County High,Greensville County,33.0,48.0,5.0
Greensville Elementary,Greensville County,68.0,31.0,0.0
Greenville Elementary,Fauquier County,39.0,61.0,0.0
Greenwood Mill Elementary,Frederick County,37.0,57.0,0.0
Gretna Elementary,Pittsylvania County,57.0,43.0,0.0
Gretna High,Pittsylvania County,49.0,48.0,2.0
Gretna Middle,Pittsylvania County,61.0,30.0,4.0
Groveton Elementary,Fairfax County,29.0,67.0,4.0
Grundy High,Buchanan County,49.0,49.0,0.0
Guilford Elementary,Loudoun County,21.0,78.0,0.0
Gunston Elementary,Fairfax County,25.0,71.0,0.0
Gunston Middle,Arlington County,22.0,73.0,2.0
Guy K. Stump Elementary,Augusta County,53.0,47.0,0.0
H.H. Poole Middle,Stafford County,46.0,46.0,0.0
H.M. Pearson Elementary,Fauquier County,52.0,45.0,0.0
Halifax County High,Halifax County,49.0,45.0,1.0
Halifax County Middle,Halifax County,54.0,39.0,0.0
Halley Elementary,Fairfax County,35.0,65.0,0.0
Hamilton Elementary,Loudoun County,28.0,69.0,3.0
Hamilton Holmes Middle,King William County,58.0,38.0,0.0
Hampton High,Hampton City,43.0,55.0,1.0
Hampton Oaks Elementary,Stafford County,58.0,35.0,0.0
Hanover High,Hanover County,34.0,60.0,2.0
Hardin Reynolds Memorial School,Patrick County,54.0,38.0,0.0
Harding Avenue Elementary,Montgomery County,47.0,50.0,3.0
Hardy Elementary,Isle of Wight County,42.0,56.0,0.0
Harmony Middle,Loudoun County,27.0,72.0,0.0
Harold Macon Ratcliffe Elementary,Henrico County,33.0,58.0,0.0
Harper Park Middle,Loudoun County,25.0,73.0,1.0
Harrington Waddell Elementary,Lexington City,39.0,50.0,0.0
Harrison Road Elementary,Spotsylvania County,39.0,58.0,0.0
Harrisonburg High,Harrisonburg City,40.0,56.0,2.0
Harrowgate Elementary,Chesterfield County,40.0,58.0,0.0
Harry E. James Elementary,Hopewell City,52.0,38.0,2.0
Hartwood Elementary,Stafford County,38.0,60.0,0.0
Harvie Elementary,Henrico County,43.0,57.0,0.0
Haycock Elementary,Fairfax County,29.0,68.0,2.0
Hayfield Elementary,Fairfax County,20.0,80.0,0.0
Hayfield Secondary,Fairfax County,26.0,69.0,2.0
Haymarket Elementary,Prince William County,40.0,56.0,0.0
Henderson Middle,Richmond City,42.0,50.0,0.0
Henrico High,Henrico County,35.0,60.0,2.0
Henry D. Ward Elementary,Henrico County,36.0,51.0,5.0
Henry Elementary,Franklin County,50.0,50.0,0.0
Henry Marsh III Elementary,Richmond City,44.0,50.0,0.0
Herbert J. Saunders Middle,Prince William County,34.0,57.0,5.0
Heritage Elementary,Lynchburg City,68.0,26.0,0.0
Heritage High,Loudoun County,29.0,69.0,2.0
Heritage High,Lynchburg City,42.0,50.0,2.0
Heritage High,Newport News City,42.0,37.0,0.0
Herman L. Horn Elementary,Roanoke County,45.0,55.0,0.0
Hermitage Elementary,Virginia Beach City,37.0,61.0,0.0
Hermitage High,Henrico County,46.0,51.0,2.0
Herndon Elementary,Fairfax County,27.0,73.0,0.0
Herndon High,Fairfax County,23.0,74.0,2.0
Herndon Middle,Fairfax County,33.0,65.0,2.0
Hickory Elementary,Chesapeake City,43.0,55.0,0.0
Hickory High,Chesapeake City,37.0,60.0,0.0
Hickory Middle,Chesapeake City,42.0,52.0,1.0
Hidden Valley High,Roanoke County,26.0,72.0,1.0
Hidden Valley Middle,Roanoke County,34.0,63.0,0.0
Hidenwood Elementary,Newport News City,43.0,50.0,2.0
High Point Elementary,Washington County,76.0,24.0,0.0
Highland Elementary,Highland County,42.0,50.0,0.0
Highland High,Highland County,67.0,29.0,0.0
Highland Park Elementary,Roanoke City,43.0,43.0,0.0
Highland Springs Elementary,Henrico County,27.0,66.0,0.0
Highland Springs High,Henrico County,38.0,56.0,2.0
Highland View Elementary,Bristol City,52.0,33.0,5.0
Hilda J. Barbour Elementary,Warren County,50.0,48.0,0.0
Hillpoint Elementary,Suffolk City,47.0,44.0,0.0
Hillsboro Charter Academy,Loudoun County,32.0,68.0,0.0
Hillside Elementary,Loudoun County,26.0,74.0,0.0
Hillsville Elementary,Carroll County,51.0,49.0,0.0
Hilton Elementary,Newport News City,37.0,56.0,0.0
Hilton Elementary,Scott County,57.0,43.0,0.0
Hodges Manor Elementary,Portsmouth City,32.0,46.0,4.0
Hoffman-Boston Elementary,Arlington County,28.0,70.0,2.0
Holland Elementary,Virginia Beach City,45.0,45.0,7.0
Hollin Meadows Elementary,Fairfax County,33.0,64.0,0.0
Hollymead Elementary,Albemarle County,33.0,65.0,0.0
Holmes Middle,Fairfax County,29.0,69.0,1.0
Holston High,Washington County,44.0,56.0,0.0
Homer L. Hines Middle,Newport News City,41.0,36.0,1.0
Honaker Elementary,Russell County,75.0,23.0,0.0
Honaker High,Russell County,55.0,42.0,2.0
Honey Run Elementary,Shenandoah County,50.0,46.0,0.0
Hopewell High,Hopewell City,42.0,49.0,1.0
Hopkins Road Elementary,Chesterfield County,52.0,48.0,0.0
Horizon Elementary,Loudoun County,20.0,78.0,2.0
Hovatter Elementary,Loudoun County,31.0,67.0,0.0
Huddleston Elementary,Bedford County,61.0,35.0,0.0
Hugh Mercer Elementary,Fredericksburg City,41.0,55.0,2.0
Hughes Middle,Fairfax County,23.0,77.0,0.0
Hugo A. Owens Middle,Chesapeake City,40.0,54.0,0.0
Huguenot High,Richmond City,39.0,56.0,2.0
Hunt Valley Elementary,Fairfax County,22.0,78.0,0.0
Hunter B. Andrews,Hampton City,51.0,42.0,5.0
Hunters Woods Elementary School for the Arts and Sciences,Fairfax County,18.0,78.0,3.0
Huntington Middle,Newport News City,27.0,35.0,0.0
Hurley Elementary/Middle,Buchanan County,67.0,31.0,0.0
Hurley High,Buchanan County,48.0,52.0,0.0
Hurt Park Elementary,Roanoke City,43.0,45.0,0.0
Hutchison Elementary,Fairfax County,36.0,64.0,0.0
Hutchison Farm Elementary,Loudoun County,27.0,73.0,0.0
Hybla Valley Elementary,Fairfax County,35.0,63.0,1.0
I.C. Norcom High,Portsmouth City,45.0,41.0,3.0
Independence Elementary,Grayson County,57.0,43.0,0.0
Independence High,Loudoun County,25.0,74.0,1.0
Independence Middle,Grayson County,46.0,51.0,0.0
Independence Middle,Virginia Beach City,44.0,55.0,0.0
Indian Hollow Elementary,Frederick County,56.0,39.0,2.0
Indian Lakes Elementary,Virginia Beach City,43.0,54.0,0.0
Indian River High,Chesapeake City,40.0,55.0,2.0
Indian River Middle,Chesapeake City,46.0,51.0,0.0
Indian Valley Elementary,Floyd County,57.0,43.0,0.0
Ingleside Elementary,Norfolk City,24.0,69.0,2.0
Irving Middle,Fairfax County,37.0,61.0,1.0
Island Creek Elementary,Fairfax County,30.0,70.0,0.0
J. Blaine Blayton Elementary,Williamsburg-James City County,44.0,54.0,0.0
J. Frank Hillyard Middle,Rockingham County,53.0,45.0,0.0
J. Lupton Simpson Middle,Loudoun County,32.0,66.0,1.0
J. Michael Lunsford Middle,Loudoun County,28.0,72.0,0.0
J.A. Chalkley Elementary,Chesterfield County,40.0,60.0,0.0
J.B. Fisher Elementary,Richmond City,35.0,65.0,0.0
J.B. Watkins Elementary,Chesterfield County,44.0,55.0,2.0
J.G. Hening Elementary,Chesterfield County,51.0,47.0,0.0
J.L. Francis Elementary,Richmond City,46.0,54.0,0.0
J.W. Adams Combined,Wise County,63.0,33.0,3.0
J.W. Alvey Elementary,Prince William County,29.0,71.0,0.0
Jackson Davis Elementary,Henrico County,32.0,68.0,0.0
Jackson Memorial Elementary,Wythe County,67.0,33.0,0.0
Jackson Middle,Fairfax County,29.0,69.0,1.0
Jackson P. Burley Middle,Albemarle County,23.0,68.0,6.0
Jackson-Via Elementary,Charlottesville City,36.0,56.0,3.0
Jacob L. Adams Elementary,Henrico County,26.0,74.0,0.0
Jacobs Road Elementary,Chesterfield County,37.0,63.0,0.0
Jacox Elementary,Norfolk City,36.0,53.0,2.0
James Blair Middle,Williamsburg-James City County,30.0,60.0,0.0
James G. Brumfield Elementary,Fauquier County,41.0,59.0,0.0
James K. Polk Elementary,Alexandria City,35.0,58.0,2.0
James Madison Middle,Roanoke City,43.0,42.0,3.0
James Monroe Elementary,Norfolk City,37.0,53.0,5.0
James Monroe High,Fredericksburg City,33.0,61.0,2.0
James River Elementary,Williamsburg-James City County,37.0,59.0,0.0
James River High,Botetourt County,33.0,55.0,2.0
James River High,Chesterfield County,41.0,56.0,2.0
James S. Russell Middle,Brunswick County,56.0,41.0,0.0
James Wood High,Frederick County,41.0,55.0,1.0
James Wood Middle,Frederick County,56.0,41.0,4.0
Jamestown Elementary,Arlington County,9.0,84.0,7.0
Jamestown High,Williamsburg-James City County,28.0,66.0,2.0
Jane H. Bryan Elementary,Hampton City,46.0,43.0,0.0
Jefferson Forest High,Bedford County,46.0,49.0,1.0
Jefferson Middle,Arlington County,31.0,65.0,2.0
Jefferson-Houston PK-8 School,Alexandria City,24.0,68.0,3.0
Jennie Dean Elementary,Manassas City,39.0,57.0,0.0
Jeter-Watson Elementary,Alleghany Highlands,64.0,36.0,0.0
John Adams Elementary,Alexandria City,28.0,64.0,4.0
John B. Cary Elementary,Richmond City,39.0,61.0,0.0
John B. Dey Elementary,Virginia Beach City,42.0,58.0,0.0
John C. Myers Elementary,Rockingham County,47.0,50.0,0.0
John Champe High,Loudoun County,23.0,75.0,2.0
John D. Jenkins Elementary,Prince William County,31.0,64.0,0.0
John F. Kennedy Middle,Suffolk City,41.0,47.0,3.0
John F. Pattie Sr. Elementary,Prince William County,31.0,69.0,0.0
John Handley High,Winchester City,28.0,62.0,2.0
John Kerr Elementary,Winchester City,35.0,63.0,0.0
John L. Hurt Elementary,Pittsylvania County,67.0,33.0,0.0
John M. Gandy Elementary,Hanover County,10.0,85.0,0.0
John Marshall High,Richmond City,43.0,55.0,0.0
John N. Dalton Intermediate,Radford City,41.0,56.0,2.0
John P. Fishwick Middle,Roanoke City,37.0,48.0,2.0
John Randolph Tucker High,Henrico County,30.0,66.0,2.0
John Rolfe Middle,Henrico County,36.0,59.0,1.0
John S. Battle High,Washington County,42.0,53.0,1.0
John W. Wayland Elementary,Rockingham County,44.0,56.0,0.0
John Yeates Middle,Suffolk City,42.0,51.0,2.0
Johnson Elementary,Charlottesville City,26.0,74.0,0.0
Johnson Middle,Fairfax County,26.0,69.0,4.0
Johnson-Williams Middle,Clarke County,27.0,73.0,0.0
Jolliff Middle,Chesapeake City,40.0,57.0,1.0
Jonesville Middle,Lee County,68.0,29.0,0.0
Jordan Springs Elementary,Frederick County,43.0,54.0,0.0
Joseph H. Saunders Elementary,Newport News City,42.0,40.0,0.0
Joseph P. King Jr. Middle,Franklin City,58.0,29.0,4.0
Joseph T. Henley Middle,Albemarle County,37.0,58.0,1.0
Joseph Van Pelt Elementary,Bristol City,58.0,42.0,0.0
Jouett Elementary,Louisa County,50.0,47.0,2.0
Journey Middle,Albemarle County,27.0,68.0,4.0
Justice High,Fairfax County,27.0,70.0,2.0
Kate Waller Barrett Elementary,Stafford County,53.0,45.0,0.0
Katherine Johnson Elementary,Newport News City,36.0,51.0,0.0
Kecoughtan High,Hampton City,51.0,41.0,4.0
Keene Mill Elementary,Fairfax County,21.0,76.0,2.0
Kegotank Elementary,Accomack County,72.0,25.0,0.0
Keister Elementary,Harrisonburg City,43.0,57.0,0.0
Kempsville Elementary,Virginia Beach City,49.0,46.0,0.0
Kempsville High,Virginia Beach City,46.0,48.0,1.0
Kempsville Meadows Elementary,Virginia Beach City,45.0,53.0,0.0
Kempsville Middle,Virginia Beach City,46.0,49.0,3.0
Kenbridge Elementary,Lunenburg County,57.0,40.0,3.0
Kenmore Middle,Arlington County,25.0,70.0,1.0
Kenneth W.Culbert Elementary,Loudoun County,19.0,81.0,0.0
Kent Gardens Elementary,Fairfax County,35.0,64.0,0.0
Kentuck Elementary,Pittsylvania County,56.0,44.0,0.0
Kerrydale Elementary,Prince William County,43.0,57.0,0.0
Kersey Creek Elementary,Hanover County,24.0,74.0,0.0
Kettle Run High,Fauquier County,38.0,50.0,2.0
Key Center,Fairfax County,39.0,57.0,0.0
Key Middle,Fairfax County,20.0,79.0,1.0
Kilby Shores Elementary,Suffolk City,39.0,53.0,0.0
Kilmer Center,Fairfax County,13.0,83.0,0.0
Kilmer Middle,Fairfax County,20.0,78.0,1.0
Kiln Creek Elementary,Newport News City,34.0,50.0,2.0
King & Queen Elementary,King and Queen County,62.0,35.0,3.0
King George Elementary,King George County,35.0,61.0,1.0
King George High,King George County,39.0,46.0,2.0
King George Middle,King George County,46.0,40.0,1.0
King William High,King William County,48.0,48.0,0.0
King's Fork High,Suffolk City,52.0,41.0,1.0
King's Fork Middle,Suffolk City,46.0,46.0,0.0
King's Grant Elementary,Virginia Beach City,46.0,46.0,0.0
Kings Glen Elementary,Fairfax County,26.0,69.0,5.0
Kings Park Elementary,Fairfax County,32.0,64.0,0.0
Kingston Elementary,Virginia Beach City,50.0,50.0,0.0
Kipps Elementary,Montgomery County,38.0,59.0,3.0
Kiptopeke Elementary,Northampton County,59.0,36.0,3.0
Kyle R. Wilson Elementary,Prince William County,44.0,55.0,2.0
L. Douglas Wilder Middle,Henrico County,35.0,60.0,1.0
L.F. Addington Middle,Wise County,69.0,25.0,3.0
L.L. Beazley Elementary,Prince George County,57.0,36.0,0.0
Laburnum Elementary,Henrico County,29.0,68.0,0.0
Lacey Spring Elementary,Rockingham County,43.0,52.0,5.0
Lafayette Elementary,Fredericksburg City,42.0,54.0,2.0
Lafayette High,Williamsburg-James City County,31.0,63.0,3.0
Lake Anne Elementary,Fairfax County,33.0,67.0,0.0
Lake Braddock Secondary,Fairfax County,28.0,69.0,0.0
Lake Ridge Elementary,Prince William County,38.0,60.0,0.0
Lake Ridge Middle,Prince William County,31.0,66.0,1.0
Lake Taylor,Norfolk City,42.0,49.0,1.0
Lakeland High,Suffolk City,45.0,48.0,0.0
Lakemont Elementary,Petersburg City,56.0,42.0,0.0
Lakeside Elementary,Henrico County,34.0,63.0,0.0
Lakeside Middle,Albemarle County,37.0,57.0,4.0
Lakeview Elementary,Colonial Heights City,44.0,50.0,3.0
Lakeview Elementary,Portsmouth City,40.0,46.0,8.0
Lancaster High,Lancaster County,50.0,44.0,0.0
Lancaster Middle,Lancaster County,50.0,41.0,6.0
Lancaster Primary,Lancaster County,55.0,42.0,3.0
Landstown Elementary,Virginia Beach City,42.0,58.0,0.0
Landstown High,Virginia Beach City,40.0,57.0,1.0
Landstown Middle,Virginia Beach City,51.0,48.0,1.0
Lane Elementary,Fairfax County,42.0,56.0,2.0
Langley High,Fairfax County,19.0,76.0,5.0
Larchmont Elementary,Norfolk City,25.0,72.0,3.0
Larkspur Middle,Virginia Beach City,48.0,50.0,0.0
Larrymore Elementary,Norfolk City,39.0,59.0,0.0
Laurel Elementary,Carroll County,48.0,52.0,0.0
Laurel Hill Elementary,Fairfax County,35.0,65.0,0.0
Laurel Lane Elementary,Williamsburg-James City County,37.0,59.0,2.0
Laurel Meadow Elementary,Hanover County,30.0,65.0,0.0
Laurel Ridge Elementary,Fairfax County,26.0,73.0,1.0
Lawson-Marriott Elementary,King and Queen County,49.0,43.0,2.0
Lebanon Elementary,Russell County,52.0,40.0,0.0
Lebanon High,Russell County,64.0,33.0,1.0
Lebanon Middle,Russell County,52.0,44.0,0.0
Lee High,Lee County,50.0,35.0,3.0
Lee Hill Elementary,Spotsylvania County,43.0,57.0,0.0
Lee M. Waid Elementary,Franklin County,61.0,34.0,0.0
Lees Corner Elementary,Fairfax County,26.0,74.0,0.0
Leesburg Elementary,Loudoun County,24.0,76.0,0.0
Leesville Road Elementary,Campbell County,57.0,43.0,0.0
Leesylvania Elementary,Prince William County,37.0,62.0,2.0
Lemon Road Elementary,Fairfax County,38.0,60.0,0.0
Leslie Fox Keyser Elementary,Warren County,57.0,39.0,0.0
Leslie H. Walton Middle,Albemarle County,36.0,64.0,0.0
Lewis High,Fairfax County,22.0,73.0,2.0
Lewis and Clark Elementary,Caroline County,58.0,42.0,0.0
Liberty Elementary,Loudoun County,29.0,70.0,1.0
Liberty High,Bedford County,45.0,51.0,0.0
Liberty High,Fauquier County,37.0,58.0,1.0
Liberty Middle,Bedford County,44.0,52.0,0.0
Liberty Middle,Fairfax County,17.0,81.0,2.0
Liberty Middle,Hanover County,43.0,53.0,2.0
Lightfoot Elementary,Orange County,36.0,46.0,0.0
Lightridge High,Loudoun County,25.0,69.0,5.0
Lincoln Elementary,Loudoun County,7.0,90.0,3.0
Lincoln Terrace Elementary,Roanoke City,44.0,40.0,0.0
Lindenwood Elementary,Norfolk City,34.0,62.0,3.0
Linkhorn Park Elementary,Virginia Beach City,36.0,64.0,0.0
Linkhorne Elementary,Lynchburg City,56.0,42.0,0.0
Linkhorne Middle,Lynchburg City,48.0,45.0,2.0
Linville-Edom Elementary,Rockingham County,39.0,61.0,0.0
Linwood Holton Elementary,Richmond City,47.0,47.0,0.0
Little Creek Elementary,Norfolk City,43.0,50.0,3.0
Little River Elementary,Loudoun County,23.0,76.0,1.0
Little Run Elementary,Fairfax County,38.0,62.0,0.0
Livingston Elementary,Spotsylvania County,53.0,44.0,0.0
Lloyd C. Bird High,Chesterfield County,37.0,60.0,2.0
Loch Lomond Elementary,Prince William County,31.0,69.0,0.0
Locust Grove Elementary,Orange County,51.0,41.0,3.0
Locust Grove Middle,Orange County,41.0,51.0,2.0
Lois Hornsby Middle,Williamsburg-James City County,35.0,59.0,0.0
London Towne Elementary,Fairfax County,24.0,72.0,0.0
Long Branch Elementary,Arlington County,18.0,77.0,2.0
Longdale Elementary,Henrico County,42.0,58.0,0.0
Longfellow Middle,Fairfax County,36.0,60.0,2.0
Lord Botetourt High,Botetourt County,39.0,49.0,2.0
Lorton Station Elementary,Fairfax County,34.0,66.0,0.0
Loudoun County High,Loudoun County,23.0,76.0,1.0
Loudoun Valley High,Loudoun County,25.0,71.0,3.0
Louisa County High,Louisa County,51.0,42.0,0.0
Louisa County Middle,Louisa County,50.0,47.0,0.0
Louise A. Benton Middle,Prince William County,28.0,71.0,0.0
Lovettsville Elementary,Loudoun County,27.0,70.0,0.0
Lowes Island Elementary,Loudoun County,20.0,77.0,2.0
Lucille M. Brown Middle,Richmond City,47.0,49.0,2.0
Lucketts Elementary,Loudoun County,19.0,78.0,3.0
Lunenburg Middle,Lunenburg County,51.0,46.0,0.0
Luray Elementary,Page County,55.0,40.0,0.0
Luray High,Page County,48.0,46.0,2.0
Luray Middle,Page County,55.0,39.0,4.0
Luther P. Jackson Middle,Surry County,52.0,44.0,0.0
Luxford Elementary,Virginia Beach City,48.0,48.0,3.0
Lylburn Downing Middle,Lexington City,42.0,53.0,5.0
Lyles-Crouch Elementary,Alexandria City,10.0,81.0,10.0
Lynbrook Elementary,Fairfax County,19.0,81.0,0.0
Lynnhaven Elementary,Virginia Beach City,39.0,61.0,0.0
Lynnhaven Middle,Virginia Beach City,45.0,53.0,2.0
Mack Benn Jr. Elementary,Suffolk City,48.0,48.0,0.0
Macy Mcclaugherty Elementary/Middle,Giles County,57.0,42.0,1.0
Madison County High,Madison County,50.0,39.0,4.0
Madison Elementary,Caroline County,55.0,39.0,0.0
Madison Heights Elementary,Amherst County,51.0,49.0,0.0
Madison High,Fairfax County,22.0,75.0,2.0
Madison's Trust Elementary,Loudoun County,19.0,80.0,1.0
Magna Vista High,Henry County,48.0,46.0,0.0
Magruder Elementary,York County,32.0,66.0,0.0
Malibu Elementary,Virginia Beach City,45.0,55.0,0.0
Manassas Park Elementary,Manassas Park City,51.0,48.0,0.0
Manassas Park High,Manassas Park City,38.0,59.0,0.0
Manassas Park Middle,Manassas Park City,49.0,46.0,3.0
Manchester High,Chesterfield County,39.0,59.0,0.0
Manchester Middle,Chesterfield County,48.0,47.0,1.0
Manor High,Portsmouth City,47.0,46.0,3.0
Mantua Elementary,Fairfax County,20.0,79.0,0.0
Margaret Beeks Elementary,Montgomery County,45.0,50.0,3.0
Margaret M. Pierce Elementary,Fauquier County,47.0,53.0,0.0
Marguerite F. Christian Elementary,Chesterfield County,45.0,55.0,0.0
Marion Elementary,Smyth County,36.0,56.0,3.0
Marion Middle,Smyth County,68.0,32.0,0.0
Marion Senior High,Smyth County,52.0,47.0,0.0
Marshall High,Fairfax County,25.0,70.0,4.0
Marshall Middle,Fauquier County,39.0,57.0,4.0
Marshall Road Elementary,Fairfax County,33.0,64.0,0.0
Martin Luther King Jr. Elementary,Prince William County,29.0,66.0,0.0
Martinsville High,Martinsville City,52.0,42.0,2.0
Martinsville Middle,Martinsville City,55.0,43.0,0.0
Marumsco Hills Elementary,Prince William County,37.0,61.0,0.0
Mary Calcott Elementary,Norfolk City,45.0,48.0,0.0
Mary Carr Greer Elementary,Albemarle County,30.0,67.0,0.0
Mary Ellen Henderson Middle,Falls Church City,19.0,77.0,2.0
Mary G. Porter Traditional,Prince William County,29.0,67.0,4.0
Mary Munford Elementary,Richmond City,12.0,88.0,0.0
Mary Passage Middle,Newport News City,32.0,52.0,1.0
Mary S. Peake Elementary,Hampton City,47.0,47.0,0.0
Mary T. Christian Elementary,Hampton City,57.0,43.0,0.0
Mary W. Jackson Elementary,Hampton City,38.0,57.0,5.0
Mary Walter Elementary,Fauquier County,56.0,33.0,0.0
Mason Crest Elementary,Fairfax County,26.0,72.0,2.0
Mason's Cove Elementary,Roanoke County,40.0,56.0,0.0
Massaponax High,Spotsylvania County,46.0,50.0,1.0
Mathews Elementary,Mathews County,47.0,50.0,0.0
Mathews High,Mathews County,45.0,50.0,0.0
Matoaca Elementary,Chesterfield County,45.0,49.0,0.0
Matoaca High,Chesterfield County,43.0,51.0,3.0
Matoaca Middle,Chesterfield County,47.0,49.0,1.0
Matoaka Elementary,Williamsburg-James City County,33.0,60.0,0.0
Matthew Whaley Elementary,Williamsburg-James City County,28.0,65.0,0.0
Maude Trevvett Elementary,Henrico County,39.0,61.0,0.0
Maury River Middle,Rockbridge County,40.0,54.0,3.0
Max Meadows Elementary,Wythe County,48.0,48.0,0.0
Maybeury Elementary,Henrico County,40.0,54.0,3.0
Mayfield Intermediate,Manassas City,32.0,65.0,2.0
McCleary Elementary,Craig County,73.0,27.0,0.0
McGaheysville Elementary,Rockingham County,48.0,52.0,0.0
McLean High,Fairfax County,20.0,78.0,2.0
McNair Upper Elementary,Fairfax County,31.0,67.0,2.0
Meadow View Elementary,Henry County,60.0,40.0,0.0
Meadowbrook High,Chesterfield County,42.0,49.0,2.0
Meadowland Elementary,Loudoun County,27.0,71.0,0.0
Meadowview Elementary,Washington County,50.0,47.0,0.0
Meadville Elementary,Halifax County,50.0,46.0,4.0
Mechanicsville Elementary,Hanover County,29.0,67.0,0.0
Mechanicsville High,Hanover County,27.0,71.0,1.0
Meherrin Elementary,Southampton County,54.0,46.0,0.0
Meherrin Powellton Elementary,Brunswick County,63.0,38.0,0.0
Menchville High,Newport News City,32.0,50.0,0.0
Meridian High,Falls Church City,19.0,76.0,3.0
Meriwether Lewis Elementary,Albemarle County,28.0,66.0,0.0
Metompkin Elementary,Accomack County,59.0,36.0,0.0
Middlesex Elementary,Middlesex County,52.0,39.0,0.0
Middlesex High,Middlesex County,46.0,46.0,0.0
Middletown Elementary,Frederick County,53.0,45.0,0.0
Midlothian High,Chesterfield County,45.0,50.0,3.0
Midlothian Middle,Chesterfield County,48.0,51.0,1.0
Midway Elementary,Dinwiddie County,53.0,44.0,0.0
Miles Jones Elementary,Richmond City,32.0,68.0,0.0
Mill Run Elementary,Loudoun County,32.0,67.0,1.0
Millboro Elementary,Bath County,63.0,37.0,0.0
Millbrook High,Frederick County,39.0,55.0,3.0
Mills E. Godwin High,Henrico County,36.0,62.0,2.0
Minnieville Elementary,Prince William County,33.0,67.0,0.0
Monacan High,Chesterfield County,40.0,57.0,2.0
Monelison Middle,Amherst County,50.0,50.0,0.0
Moneta Elementary,Bedford County,55.0,45.0,0.0
Montclair Elementary,Prince William County,39.0,59.0,2.0
Monterey Elementary,Roanoke City,47.0,40.0,0.0
Montessori Public School of Arlington,Arlington County,22.0,73.0,3.0
Montevideo Middle,Rockingham County,49.0,51.0,0.0
Monticello High,Albemarle County,32.0,61.0,3.0
Montrose Elementary,Henrico County,47.0,50.0,3.0
Montross Middle,Westmoreland County,50.0,47.0,0.0
Montvale Elementary,Bedford County,62.0,38.0,0.0
Moorefield Station Elementary,Loudoun County,32.0,66.0,0.0
Morningside Elementary,Roanoke City,38.0,44.0,0.0
Mosaic Elementary,Fairfax County,26.0,74.0,0.0
Moss-Nuckols Elementary,Louisa County,43.0,51.0,0.0
Mount Airy Elementary,Pittsylvania County,63.0,37.0,0.0
Mount Eagle Elementary,Fairfax County,27.0,68.0,2.0
Mount Pleasant Elementary,Roanoke County,59.0,41.0,0.0
Mount Vernon Elementary,Alexandria City,38.0,61.0,2.0
Mount Vernon High,Fairfax County,24.0,72.0,3.0
Mount Vernon Woods Elementary,Fairfax County,32.0,65.0,3.0
Mountain View Elementary,Albemarle County,28.0,66.0,2.0
Mountain View Elementary,Alleghany Highlands,47.0,47.0,0.0
Mountain View Elementary,Loudoun County,26.0,74.0,0.0
Mountain View Elementary,Prince William County,27.0,73.0,0.0
Mountain View Elementary,Roanoke County,49.0,49.0,0.0
Mountain View Elementary,Rockbridge County,59.0,35.0,6.0
Mountain View Elementary,Rockingham County,44.0,56.0,0.0
Mountain View High,Fairfax County,15.0,83.0,2.0
Mountain View High,Shenandoah County,30.0,67.0,2.0
Nandua High,Accomack County,42.0,49.0,0.0
Nandua Middle,Accomack County,43.0,52.0,0.0
Nansemond Parkway Elementary,Suffolk City,32.0,56.0,2.0
Nansemond River High,Suffolk City,45.0,49.0,2.0
Naomi L. Brooks Elementary,Alexandria City,26.0,70.0,4.0
Narrows High,Giles County,43.0,57.0,0.0
Nathanael Greene Elementary,Greene County,31.0,66.0,0.0
Natural Bridge Elementary,Rockbridge County,39.0,58.0,0.0
Navy Elementary,Fairfax County,27.0,71.0,0.0
Neabsco Elementary,Prince William County,44.0,52.0,0.0
Nelson County High,Nelson County,31.0,59.0,3.0
Nelson Middle,Nelson County,37.0,58.0,5.0
New Castle Elementary,Virginia Beach City,43.0,57.0,0.0
New London Academy Elementary,Bedford County,41.0,59.0,0.0
Newington Forest Elementary,Fairfax County,33.0,67.0,0.0
Newsome Park Elementary,Newport News City,28.0,53.0,2.0
Newtown Elementary,Virginia Beach City,50.0,40.0,2.0
Ni River Middle,Spotsylvania County,48.0,50.0,0.0
Nickelsville Elementary,Scott County,61.0,39.0,0.0
Norfolk Highlands Primary,Chesapeake City,38.0,56.0,0.0
Norge Elementary,Williamsburg-James City County,31.0,63.0,0.0
North Elementary,Colonial Heights City,63.0,30.0,3.0
North Elementary,Prince George County,61.0,25.0,2.0
North Fork Middle,Shenandoah County,43.0,58.0,0.0
North Landing Elementary,Virginia Beach City,41.0,56.0,0.0
North River Elementary,Augusta County,64.0,36.0,0.0
North Springfield Elementary,Fairfax County,36.0,64.0,0.0
North Stafford High,Stafford County,42.0,44.0,1.0
Northampton High,Northampton County,57.0,34.0,2.0
Northampton Middle,Northampton County,69.0,23.0,0.0
Northern Shores Elementary,Suffolk City,45.0,47.0,2.0
Northside High,Roanoke County,39.0,59.0,0.0
Northside Middle,Norfolk City,50.0,49.0,1.0
Northside Middle,Roanoke County,48.0,47.0,3.0
Northumberland Elementary,Northumberland County,60.0,38.0,0.0
Northumberland High,Northumberland County,32.0,59.0,5.0
Northumberland Middle,Northumberland County,42.0,58.0,0.0
Northwood High,Smyth County,52.0,48.0,0.0
Northwood Middle,Smyth County,73.0,28.0,0.0
Norton Elementary,Norton City,65.0,26.0,5.0
Norview Elementary,Norfolk City,33.0,60.0,5.0
Norview High,Norfolk City,41.0,50.0,3.0
Norview Middle,Norfolk City,49.0,43.0,2.0
Nottingham Elementary,Arlington County,11.0,84.0,3.0
Nottoway Elementary,Southampton County,41.0,48.0,0.0
Nottoway High,Nottoway County,54.0,42.0,2.0
Nottoway Intermediate,Nottoway County,56.0,35.0,6.0
Nottoway Middle,Nottoway County,43.0,54.0,3.0
Nuckols Farm Elementary,Henrico County,21.0,79.0,0.0
O. Trent Bonner Middle,Danville City,49.0,45.0,0.0
O.B. Gates Elementary,Chesterfield County,42.0,56.0,2.0
Oak Grove Elementary,Roanoke County,54.0,43.0,0.0
Oak Grove/Bellemeade Elementary,Richmond City,48.0,44.0,2.0
Oak Hill Elementary,Fairfax County,20.0,79.0,2.0
Oak Knoll Middle,Hanover County,41.0,57.0,0.0
Oak Point Elementary,Smyth County,45.0,45.0,2.0
Oak Street Elementary,Falls Church City,14.0,86.0,0.0
Oak View Elementary,Fairfax County,40.0,60.0,0.0
Oakland Elementary,Carroll County,50.0,46.0,4.0
Oakland Elementary,Suffolk City,46.0,43.0,0.0
Oakridge Elementary,Arlington County,33.0,60.0,2.0
Oakton Elementary,Fairfax County,31.0,69.0,0.0
Oakton High,Fairfax County,28.0,68.0,2.0
Occohannock Elementary,Northampton County,56.0,41.0,3.0
Occoquan Elementary,Prince William County,32.0,66.0,0.0
Ocean Lakes Elementary,Virginia Beach City,52.0,45.0,2.0
Ocean Lakes High,Virginia Beach City,45.0,51.0,1.0
Ocean View Elementary,Norfolk City,42.0,56.0,0.0
Oceanair Elementary,Norfolk City,33.0,58.0,0.0
Old Bridge Elementary,Prince William County,23.0,75.0,0.0
Old Donation School,Virginia Beach City,40.0,56.0,2.0
Old Hundred Elementary,Chesterfield County,36.0,61.0,0.0
Olde Creek Elementary,Fairfax County,31.0,69.0,0.0
Oliver C. Greenwood Elementary,Newport News City,21.0,68.0,3.0
Open High,Richmond City,12.0,88.0,0.0
Orange Elementary,Orange County,51.0,40.0,0.0
Orange Hunt Elementary,Fairfax County,28.0,71.0,0.0
Orchard View Elementary,Frederick County,45.0,48.0,0.0
Osbourn High,Manassas City,29.0,65.0,2.0
Osbourn Park High,Prince William County,29.0,68.0,1.0
Oscar F. Smith High,Chesapeake City,38.0,56.0,3.0
Oscar Smith Middle,Chesapeake City,47.0,40.0,3.0
Otter River Elementary,Bedford County,58.0,42.0,0.0
Ottobine Elementary,Rockingham County,57.0,43.0,0.0
Overby-Sheppard Elementary,Richmond City,26.0,74.0,0.0
P.B. Smith Elementary,Fauquier County,41.0,52.0,0.0
Page County High,Page County,46.0,46.0,5.0
Page County Middle,Page County,67.0,33.0,0.0
Page Middle,Gloucester County,45.0,51.0,0.0
Park Avenue Elementary,Danville City,67.0,33.0,0.0
Park Ridge Elementary,Stafford County,45.0,40.0,2.0
Park View Elementary,Portsmouth City,40.0,44.0,6.0
Park View High,Loudoun County,27.0,68.0,2.0
Parklawn Elementary,Fairfax County,33.0,66.0,0.0
Parkside Elementary,Spotsylvania County,46.0,44.0,2.0
Parkside Middle,Prince William County,46.0,50.0,1.0
Parkway Elementary,Virginia Beach City,48.0,53.0,0.0
Parry McCluer High,Buena Vista City,43.0,50.0,0.0
Parry McCluer Middle,Buena Vista City,60.0,33.0,0.0
Patrick Copeland Elementary,Hopewell City,55.0,30.0,5.0
Patrick County High,Patrick County,48.0,46.0,1.0
Patrick Henry Elementary,Martinsville City,76.0,24.0,0.0
Patrick Henry High,Hanover County,33.0,65.0,3.0
Patrick Henry High,Roanoke City,37.0,50.0,1.0
Patrick Henry High,Washington County,46.0,51.0,2.0
Patrick Henry K-8 School,Alexandria City,32.0,57.0,3.0
Patrick Henry School Of Science And Arts,Richmond City,36.0,60.0,0.0
Patrick Springs Primary,Patrick County,54.0,42.0,0.0
Patriot High,Prince William County,26.0,72.0,1.0
Paul Burbank Elementary,Hampton City,52.0,34.0,3.0
Paul Munro Elementary,Lynchburg City,44.0,50.0,0.0
Peak View Elementary,Rockingham County,57.0,43.0,0.0
Pearl Sample Elementary,Culpeper County,50.0,50.0,0.0
Pearson's Corner Elementary,Hanover County,29.0,67.0,0.0
Peasley Middle,Gloucester County,35.0,64.0,0.0
Pemberton Elementary,Henrico County,33.0,63.0,4.0
Pembroke Elementary,Virginia Beach City,47.0,47.0,0.0
Pembroke Meadows Elementary,Virginia Beach City,56.0,33.0,8.0
Penn Forest Elementary,Roanoke County,47.0,50.0,0.0
Pennington Middle,Lee County,57.0,34.0,2.0
Pennington Traditional,Prince William County,41.0,59.0,0.0
Perrymont Elementary,Lynchburg City,56.0,38.0,0.0
Peter Muhlenberg Middle,Shenandoah County,49.0,47.0,2.0
Petersburg High,Petersburg City,45.0,46.0,0.0
Petsworth Elementary,Gloucester County,44.0,44.0,0.0
Phillips Elementary,Hampton City,42.0,58.0,0.0
Phoebus High,Hampton City,46.0,43.0,1.0
Pinchbeck Elementary,Henrico County,37.0,60.0,3.0
Pine Spring Elementary,Fairfax County,31.0,67.0,0.0
Pinebrook Elementary,Loudoun County,37.0,60.0,2.0
Piney Branch Elementary,Prince William County,33.0,64.0,2.0
Plains Elementary,Rockingham County,50.0,50.0,0.0
Plaza Middle,Virginia Beach City,47.0,51.0,0.0
Pleasant Valley Elementary,Rockingham County,42.0,58.0,0.0
Pleasants Lane Elementary,Petersburg City,59.0,39.0,0.0
Pocahontas Elementary,Powhatan County,46.0,48.0,3.0
Pocahontas Middle,Henrico County,48.0,52.0,0.0
Poe Middle,Fairfax County,32.0,68.0,0.0
Point O' View Elementary,Virginia Beach City,41.0,55.0,0.0
Pole Green Elementary,Hanover County,38.0,60.0,0.0
Poplar Tree Elementary,Fairfax County,33.0,63.0,0.0
Poquoson Elementary,Poquoson City,40.0,51.0,0.0
Poquoson High,Poquoson City,42.0,55.0,2.0
Poquoson Middle,Poquoson City,40.0,58.0,0.0
Post Oak Middle,Spotsylvania County,35.0,61.0,0.0
Potomac Elementary,King George County,44.0,51.0,2.0
Potomac Falls High,Loudoun County,26.0,72.0,2.0
Potomac High,Prince William County,32.0,63.0,1.0
Potomac Middle,Prince William County,34.0,58.0,4.0
Potomac Shores Middle,Prince William County,35.0,62.0,0.0
Potomac View Elementary,Prince William County,48.0,44.0,0.0
Potowmack Elementary,Loudoun County,22.0,75.0,3.0
Powell Elementary,Fairfax County,20.0,77.0,0.0
Powhatan Elementary,Powhatan County,33.0,59.0,4.0
Powhatan High,Powhatan County,43.0,50.0,2.0
Powhatan Middle,Powhatan County,41.0,51.0,3.0
Preston Park Elementary,Roanoke City,43.0,45.0,0.0
Prices Fork Elementary,Montgomery County,47.0,51.0,0.0
Prince Edward County High,Prince Edward County,44.0,50.0,0.0
Prince Edward Elementary,Prince Edward County,57.0,39.0,3.0
Prince Edward Middle,Prince Edward County,56.0,33.0,4.0
Prince George High,Prince George County,50.0,41.0,2.0
Princess Anne Elementary,Virginia Beach City,29.0,69.0,0.0
Princess Anne High,Virginia Beach City,43.0,50.0,2.0
Princess Anne Middle,Virginia Beach City,47.0,50.0,2.0
Prospect Heights Middle,Orange County,40.0,49.0,0.0
Providence Elementary,Chesterfield County,41.0,59.0,0.0
Providence Elementary,Fairfax County,24.0,76.0,0.0
Providence Elementary,Virginia Beach City,50.0,45.0,2.0
Providence Middle,Chesterfield County,38.0,60.0,0.0
Pulaski County Middle,Pulaski County,59.0,40.0,0.0
Pulaski County Senior High,Pulaski County,39.0,52.0,1.0
Pungoteague Elementary,Accomack County,39.0,52.0,3.0
Queens Lake Middle,York County,31.0,62.0,4.0
Quioccasin Middle,Henrico County,35.0,60.0,1.0
R. Dean Kilby Elementary,Prince William County,30.0,69.0,0.0
R.C. Longan Elementary,Henrico County,31.0,69.0,0.0
Radford High,Radford City,38.0,55.0,2.0
Randolph Elementary,Arlington County,34.0,62.0,2.0
Randolph Elementary,Goochland County,46.0,50.0,0.0
Rappahannock County Elementary,Rappahannock County,49.0,47.0,0.0
Rappahannock County High,Rappahannock County,39.0,53.0,0.0
Rappahannock High,Richmond County,58.0,37.0,0.0
Ravensworth Elementary,Fairfax County,35.0,62.0,2.0
Read Mountain Middle,Botetourt County,49.0,43.0,3.0
Reams Road Elementary,Chesterfield County,46.0,54.0,0.0
Red Hill Elementary,Albemarle County,36.0,64.0,0.0
Red Mill Elementary,Virginia Beach City,40.0,56.0,2.0
Red Oak-Sturgeon Elementary,Brunswick County,50.0,44.0,6.0
Redbud Run Elementary,Frederick County,57.0,43.0,0.0
Ressie Jeffries Elementary,Warren County,52.0,42.0,0.0
Rhea Valley Elementary,Washington County,42.0,56.0,0.0
Rich Acres Elementary,Henry County,42.0,54.0,4.0
Rich Valley Elementary,Smyth County,50.0,45.0,5.0
Richard Bowling Elementary,Norfolk City,41.0,45.0,2.0
Richard C. Haydon Elementary,Manassas City,34.0,57.0,0.0
Richard T. Yates Elementary,Newport News City,45.0,42.0,0.0
Richlands Elementary,Tazewell County,64.0,32.0,0.0
Richlands High,Tazewell County,59.0,39.0,0.0
Richlands Middle,Tazewell County,63.0,35.0,0.0
Richmond Alternative,Richmond City,57.0,43.0,0.0
Richmond Career Education and Employment Charter School,Richmond City,33.0,50.0,0.0
Richmond Community High,Richmond City,29.0,57.0,14.0
Richmond County Elementary,Richmond County,55.0,39.0,2.0
Richneck Elementary,Newport News City,32.0,63.0,3.0
Ridge Elementary,Henrico County,24.0,76.0,0.0
Ridgeview High,Dickenson County,57.0,32.0,3.0
Ridgeview Middle,Dickenson County,73.0,23.0,2.0
Rippon Middle,Prince William County,37.0,59.0,1.0
River Bend Elementary,Rockingham County,59.0,41.0,0.0
River Bend Middle,Loudoun County,27.0,71.0,1.0
River City Middle,Richmond City,46.0,50.0,0.0
River Oaks Elementary,Prince William County,45.0,51.0,2.0
Riverdale Elementary,Southampton County,50.0,43.0,2.0
Riverheads Elementary,Augusta County,50.0,40.0,0.0
Riverheads High,Augusta County,53.0,39.0,0.0
Riverlawn Elementary,Pulaski County,50.0,43.0,2.0
Rivers Edge Elementary,Henrico County,39.0,53.0,2.0
Riverside Elementary,Fairfax County,28.0,71.0,0.0
Riverside Elementary,Newport News City,24.0,53.0,0.0
Riverside High,Loudoun County,22.0,73.0,3.0
Riverview Elementary,Spotsylvania County,45.0,55.0,0.0
Riverview Elementary/Middle,Buchanan County,68.0,29.0,0.0
Roanoke Academy For Mathematics & Science Elementary,Roanoke City,46.0,36.0,2.0
Robert E. Aylor Middle,Frederick County,49.0,48.0,1.0
Robert S. Payne Elementary,Lynchburg City,55.0,43.0,0.0
Robinson Secondary,Fairfax County,23.0,75.0,2.0
Robious Elementary,Chesterfield County,40.0,58.0,0.0
Robious Middle,Chesterfield County,49.0,47.0,2.0
Rock Ridge High,Loudoun County,17.0,80.0,2.0
Rockbridge County High,Rockbridge County,39.0,50.0,5.0
Rockfish River Elementary,Nelson County,39.0,58.0,0.0
Rockhill Elementary,Stafford County,39.0,54.0,2.0
Rockledge Elementary,Prince William County,29.0,69.0,0.0
Rocky Mount Elementary,Franklin County,50.0,47.0,3.0
Rocky Run Elementary,Stafford County,47.0,47.0,0.0
Rocky Run Middle,Fairfax County,30.0,65.0,5.0
Rodney E. Thompson Middle,Stafford County,49.0,39.0,3.0
Rolling Ridge Elementary,Loudoun County,34.0,64.0,0.0
Rolling Valley Elementary,Fairfax County,31.0,67.0,2.0
Ronald Wilson Reagan Middle,Prince William County,26.0,72.0,0.0
Rosa Lee Carter Elementary,Loudoun County,22.0,77.0,0.0
Rosa Parks Elementary,Prince William County,33.0,65.0,0.0
Rose Hill Elementary,Fairfax County,38.0,61.0,1.0
Rose Hill Elementary,Lee County,50.0,50.0,0.0
Rosemont Elementary,Virginia Beach City,53.0,47.0,0.0
Rosemont Forest Elementary,Virginia Beach City,44.0,53.0,0.0
Round Hill Elementary,Loudoun County,19.0,80.0,0.0
Round Hill Elementary,Roanoke City,53.0,35.0,1.0
Ruby F. Carver Elementary,Henrico County,42.0,52.0,6.0
Ruckersville Elementary,Greene County,41.0,56.0,0.0
Rural Point Elementary,Hanover County,31.0,69.0,0.0
Rural Retreat Elementary,Wythe County,67.0,33.0,0.0
Rural Retreat High,Wythe County,55.0,42.0,0.0
Rural Retreat Middle,Wythe County,64.0,36.0,0.0
Rustburg Elementary,Campbell County,54.0,46.0,0.0
Rustburg High,Campbell County,48.0,48.0,2.0
Rustburg Middle,Campbell County,55.0,43.0,0.0
Rye Cove High,Scott County,48.0,41.0,0.0
Rye Cove Intermediate,Scott County,56.0,33.0,0.0
S. Gordon Stewart Middle,Augusta County,46.0,52.0,2.0
S.P. Morton Elementary,Franklin City,38.0,36.0,3.0
Salem Church Elementary,Chesterfield County,41.0,57.0,0.0
Salem Church Middle,Chesterfield County,48.0,51.0,1.0
Salem Elementary,Spotsylvania County,31.0,60.0,2.0
Salem Elementary,Virginia Beach City,18.0,79.0,3.0
Salem High,Salem City,31.0,62.0,1.0
Salem High,Virginia Beach City,50.0,43.0,1.0
Salem Middle,Virginia Beach City,53.0,41.0,3.0
Saltville Elementary,Smyth County,48.0,48.0,3.0
Samuel L. Gravely Jr. Elementary,Prince William County,28.0,69.0,2.0
Samuel P. Langley Elementary,Hampton City,49.0,49.0,0.0
Samuel W. Tucker Elementary,Alexandria City,20.0,71.0,2.0
Sandburg Middle,Fairfax County,32.0,66.0,2.0
Sanders Corner Elementary,Loudoun County,22.0,78.0,0.0
Sandlick Elementary,Dickenson County,73.0,23.0,3.0
Sandston Elementary,Henrico County,20.0,80.0,0.0
Sandusky Elementary,Lynchburg City,63.0,37.0,0.0
Sandusky Middle,Lynchburg City,52.0,37.0,0.0
Sandy Hook Elementary,Shenandoah County,42.0,55.0,0.0
Sangster Elementary,Fairfax County,22.0,78.0,0.0
Sanville Elementary,Henry County,59.0,41.0,0.0
Saratoga Elementary,Fairfax County,30.0,65.0,3.0
Schoolfield Elementary,Danville City,61.0,39.0,0.0
Scott Memorial Middle,Wythe County,67.0,30.0,0.0
Scottsburg Elementary,Halifax County,66.0,31.0,3.0
Scottsville Elementary,Albemarle County,40.0,52.0,4.0
Seaford Elementary,York County,45.0,50.0,0.0
Seatack Elementary an Achievable Dream Academy,Virginia Beach City,41.0,59.0,0.0
Sedgefield Elementary,Newport News City,50.0,43.0,0.0
Seldens Landing Elementary,Loudoun County,28.0,71.0,0.0
Seneca Ridge Middle,Loudoun County,27.0,71.0,2.0
Seven Pines Elementary,Henrico County,21.0,79.0,0.0
Sewells Point Elementary,Norfolk City,40.0,53.0,4.0
Shady Grove Elementary,Henrico County,29.0,71.0,0.0
Sharon C. McAuliffe Elementary,Prince William County,33.0,57.0,2.0
Sharon Elementary,Alleghany Highlands,50.0,50.0,0.0
Shawsville Middle,Montgomery County,43.0,49.0,0.0
Sheffey Elementary,Wythe County,50.0,50.0,0.0
Sheffield Elementary,Lynchburg City,53.0,47.0,0.0
Shelburne Middle,Staunton City,40.0,60.0,0.0
Shelton Park Elementary,Virginia Beach City,50.0,50.0,0.0
Shenandoah Elementary,Page County,71.0,26.0,0.0
Sherando High,Frederick County,35.0,60.0,3.0
Sherman Elementary,Fairfax County,37.0,63.0,0.0
Sherwood Forest Elementary,Norfolk City,45.0,40.0,2.0
Shirley C. Heim Middle,Stafford County,44.0,45.0,1.0
Shoemaker Elementary,Scott County,75.0,25.0,0.0
Short Pump Elementary,Henrico County,28.0,69.0,3.0
Short Pump Middle,Henrico County,47.0,53.0,0.0
Shrevewood Elementary,Fairfax County,37.0,58.0,3.0
Signal Hill Elementary,Prince William County,27.0,67.0,0.0
Signal Knob Middle,Shenandoah County,50.0,48.0,0.0
Silverbrook Elementary,Fairfax County,38.0,59.0,3.0
Simonsdale Elementary,Portsmouth City,42.0,55.0,2.0
Sinai Elementary,Halifax County,53.0,47.0,0.0
Skipwith Elementary,Henrico County,35.0,63.0,0.0
Skyline High,Warren County,60.0,38.0,0.0
Skyline Middle,Harrisonburg City,34.0,63.0,1.0
Skyline Middle,Warren County,62.0,35.0,2.0
Sleepy Hollow Elementary,Fairfax County,32.0,62.0,2.0
Smith Station Elementary,Spotsylvania County,45.0,51.0,0.0
Smithfield High,Isle of Wight County,42.0,44.0,0.0
Smithfield Middle,Isle of Wight County,36.0,53.0,0.0
Smithland Elementary,Harrisonburg City,44.0,56.0,0.0
Snow Creek Elementary,Franklin County,25.0,75.0,0.0
Snowville Elementary,Pulaski County,48.0,41.0,4.0
Sonnie Penn Elementary,Prince William County,30.0,66.0,2.0
Sontag Elementary,Franklin County,38.0,55.0,0.0
South Anna Elementary,Hanover County,33.0,67.0,0.0
South Boston Elementary,Halifax County,61.0,36.0,0.0
South County High,Fairfax County,25.0,73.0,0.0
South County Middle,Fairfax County,26.0,73.0,1.0
South Elementary,Prince George County,54.0,46.0,0.0
South Hill Elementary,Mecklenburg County,56.0,41.0,0.0
South Lakes High,Fairfax County,22.0,72.0,4.0
South River Elementary,Rockingham County,42.0,54.0,0.0
South Salem Elementary,Salem City,35.0,59.0,0.0
Southampton Elementary,Richmond City,45.0,52.0,0.0
Southampton High,Southampton County,54.0,33.0,4.0
Southampton Middle,Southampton County,60.0,21.0,0.0
Southeastern Elementary,Chesapeake City,37.0,58.0,0.0
Southside Elementary,Dinwiddie County,51.0,49.0,0.0
Southside Elementary,Pittsylvania County,72.0,25.0,3.0
Southwestern Elementary,Chesapeake City,43.0,50.0,0.0
Southwestern Elementary,Suffolk City,37.0,56.0,0.0
Sparrow Road Intermediate,Chesapeake City,39.0,50.0,0.0
Speedwell Elementary,Wythe County,50.0,43.0,0.0
Spiller Elementary,Wythe County,61.0,37.0,0.0
Spotswood Elementary,Harrisonburg City,41.0,59.0,0.0
Spotswood Elementary,Spotsylvania County,33.0,62.0,0.0
Spotswood High,Rockingham County,44.0,55.0,0.0
Spotsylvania Elementary,Spotsylvania County,43.0,57.0,0.0
Spotsylvania High,Spotsylvania County,44.0,46.0,1.0
Spotsylvania Middle,Spotsylvania County,45.0,53.0,0.0
Spring Hill Elementary,Fairfax County,23.0,73.0,3.0
Spring Run Elementary,Chesterfield County,48.0,52.0,0.0
Springfield Elementary,Page County,38.0,63.0,0.0
Springfield Estates Elementary,Fairfax County,28.0,72.0,0.0
Springfield Park Elementary,Henrico County,34.0,66.0,0.0
Springwoods Elementary,Prince William County,29.0,69.0,2.0
St. Charles Elementary,Lee County,58.0,42.0,0.0
St. Clare Walker Middle,Middlesex County,33.0,63.0,0.0
St. Helena Elementary,Norfolk City,31.0,59.0,0.0
St. Paul,Carroll County,50.0,47.0,3.0
St. Paul Elementary,Wise County,71.0,25.0,3.0
Stafford Elementary,Stafford County,58.0,40.0,0.0
Stafford Middle,Stafford County,49.0,46.0,3.0
Stafford Senior High,Stafford County,33.0,52.0,3.0
Stanley Elementary,Page County,63.0,38.0,0.0
Stanleytown Elementary,Henry County,55.0,45.0,0.0
Staunton High,Staunton City,51.0,46.0,0.0
Staunton River High,Bedford County,53.0,46.0,1.0
Staunton River Middle,Bedford County,54.0,40.0,0.0
Stenwood Elementary,Fairfax County,21.0,77.0,2.0
Sterling Elementary,Loudoun County,18.0,82.0,0.0
Sterling Middle,Loudoun County,33.0,65.0,1.0
Steuart W. Weller Elementary,Loudoun County,28.0,69.0,1.0
Stewartsville Elementary,Bedford County,59.0,41.0,0.0
Stone Bridge High,Loudoun County,25.0,70.0,4.0
Stone Hill Middle,Loudoun County,35.0,59.0,3.0
Stone Middle,Fairfax County,38.0,58.0,2.0
Stone Robinson Elementary,Albemarle County,26.0,72.0,2.0
Stone Spring Elementary,Harrisonburg City,53.0,47.0,0.0
Stonehouse Elementary,Williamsburg-James City County,28.0,69.0,0.0
Stonewall Elementary,Frederick County,51.0,49.0,0.0
Stonewall Jackson Elementary,Bristol City,48.0,37.0,4.0
Stony Mill Elementary,Pittsylvania County,72.0,26.0,0.0
Stony Point Elementary,Albemarle County,38.0,58.0,0.0
Strasburg High,Shenandoah County,48.0,50.0,2.0
Stratford Landing Elementary,Fairfax County,19.0,77.0,0.0
Strawbridge Elementary,Virginia Beach City,48.0,48.0,0.0
Stuart Elementary,Patrick County,62.0,35.0,0.0
Stuart M. Beville Middle,Prince William County,32.0,66.0,1.0
Stuarts Draft Elementary,Augusta County,61.0,36.0,0.0
Stuarts Draft High,Augusta County,40.0,56.0,0.0
Stuarts Draft Middle,Augusta County,37.0,59.0,2.0
Suburban Park Elementary,Norfolk City,38.0,58.0,2.0
Sudley Elementary,Prince William County,31.0,67.0,0.0
Suella G. Ellis Elementary,Prince William County,54.0,43.0,2.0
Sugar Grove Elementary,Smyth County,56.0,19.0,0.0
Sugarland Elementary,Loudoun County,16.0,77.0,5.0
Sully Elementary,Loudoun County,20.0,78.0,0.0
Sunnyside Elementary,Dinwiddie County,45.0,52.0,0.0
Sunrise Valley Elementary,Fairfax County,22.0,78.0,0.0
Surry County High,Surry County,38.0,56.0,3.0
Surry Elementary,Surry County,45.0,52.0,0.0
Sussex Central Elementary,Sussex County,44.0,51.0,0.0
Sussex Central High,Sussex County,41.0,43.0,4.0
Sussex Central Middle,Sussex County,34.0,59.0,0.0
Sutherland Elementary,Dinwiddie County,58.0,40.0,2.0
Swans Creek Elementary,Prince William County,50.0,46.0,2.0
Swansboro Elementary,Richmond City,33.0,52.0,10.0
Swanson Middle,Arlington County,27.0,68.0,2.0
Swift Creek Elementary,Chesterfield County,38.0,58.0,2.0
Swift Creek Middle,Chesterfield County,42.0,56.0,2.0
Swords Creek Elementary,Russell County,46.0,54.0,0.0
Sycamore Park Elementary,Culpeper County,55.0,41.0,0.0
Sycolin Creek Elementary,Loudoun County,26.0,69.0,1.0
Sydnor Jennings Elementary,Halifax County,53.0,47.0,0.0
T. Benton Gayle Middle,Stafford County,44.0,48.0,1.0
T. Clay Wood Elementary,Prince William County,29.0,71.0,0.0
T. Ryland Sanford Elementary,Newport News City,36.0,47.0,3.0
Tabb Elementary,York County,42.0,54.0,0.0
Tabb High,York County,34.0,60.0,2.0
Tabb Middle,York County,32.0,64.0,2.0
Tallwood Elementary,Virginia Beach City,39.0,57.0,0.0
Tallwood High,Virginia Beach City,45.0,53.0,1.0
Tangier Combined,Accomack County,86.0,14.0,0.0
Tanners Creek Elementary,Norfolk City,60.0,36.0,2.0
Tappahannock Elementary,Essex County,53.0,47.0,0.0
Tarrallton Elementary,Norfolk City,42.0,55.0,0.0
Taylor Elementary,Arlington County,35.0,56.0,7.0
Tazewell High,Tazewell County,50.0,47.0,0.0
Tazewell Intermediate,Tazewell County,65.0,35.0,0.0
Tazewell Middle,Tazewell County,47.0,47.0,2.0
Temperance Elementary,Amherst County,37.0,58.0,0.0
Terra Centre Elementary,Fairfax County,29.0,67.0,2.0
Terraset Elementary,Fairfax County,38.0,62.0,0.0
Thalia Elementary,Virginia Beach City,44.0,54.0,2.0
The Nokesville School,Prince William County,37.0,56.0,0.0
Thelma Crenshaw Elementary,Chesterfield County,34.0,61.0,0.0
Thomas C. Boushall Middle,Richmond City,45.0,50.0,4.0
Thomas C. McSwain Elementary,Staunton City,48.0,48.0,0.0
Thomas Dale High,Chesterfield County,45.0,52.0,2.0
Thomas Eaton Middle,Hampton City,44.0,44.0,6.0
Thomas Harrison Middle,Harrisonburg City,46.0,49.0,3.0
Thomas Hunter Middle,Mathews County,42.0,58.0,0.0
Thomas Jefferson Elementary,Bedford County,56.0,44.0,0.0
Thomas Jefferson Elementary,Louisa County,52.0,42.0,1.0
Thomas Jefferson High,Richmond City,34.0,61.0,2.0
Thomas Jefferson High for Science and Technology,Fairfax County,18.0,61.0,20.0
Thomas Walker High,Lee County,63.0,26.0,0.0
Thoreau Middle,Fairfax County,29.0,68.0,1.0
Thornburg Middle,Spotsylvania County,52.0,44.0,2.0
Thoroughgood Elementary,Virginia Beach City,34.0,58.0,2.0
Three Chopt Elementary,Henrico County,42.0,58.0,0.0
Three Oaks Elementary,Virginia Beach City,51.0,42.0,2.0
Thurgood Marshall Elementary,Chesapeake City,53.0,41.0,0.0
Thurgood Marshall Elementary,Prince William County,24.0,74.0,0.0
Tidewater Park Elementary,Norfolk City,28.0,59.0,6.0
Timber Lane Elementary,Fairfax County,26.0,74.0,0.0
Toano Middle,Williamsburg-James City County,28.0,68.0,0.0
Tomahawk Creek Middle,Chesterfield County,47.0,50.0,1.0
Tomahawk Elementary,Campbell County,52.0,48.0,0.0
Totaro Elementary,Brunswick County,57.0,39.0,4.0
Trailside Middle,Loudoun County,32.0,64.0,3.0
Trantwood Elementary,Virginia Beach City,32.0,61.0,3.0
Trevilians Elementary,Louisa County,55.0,42.0,0.0
Triangle Elementary,Prince William County,45.0,53.0,0.0
Troutville Elementary,Botetourt County,59.0,37.0,0.0
Truitt Intermediate,Chesapeake City,38.0,47.0,3.0
Tuckahoe Elementary,Arlington County,20.0,78.0,0.0
Tuckahoe Elementary,Henrico County,29.0,71.0,0.0
Tuckahoe Middle,Henrico County,33.0,66.0,0.0
Tunstall High,Pittsylvania County,49.0,49.0,0.0
Tunstall Middle,Pittsylvania County,53.0,44.0,2.0
Turner Ashby High,Rockingham County,56.0,44.0,0.0
Tuscarora High,Loudoun County,19.0,76.0,3.0
Tussing Elementary,Colonial Heights City,54.0,46.0,0.0
Twain Middle,Fairfax County,24.0,71.0,2.0
Twin Hickory Elementary,Henrico County,49.0,49.0,0.0
Twin Springs Elementary,Pittsylvania County,45.0,55.0,0.0
Twin Springs High,Scott County,47.0,50.0,3.0
Twin Valley Elementary/Middle,Buchanan County,70.0,27.0,0.0
Twin Valley High,Buchanan County,58.0,36.0,6.0
Tye River Elementary,Nelson County,51.0,46.0,0.0
Union Hall Elementary,Pittsylvania County,59.0,41.0,0.0
Union High,Wise County,61.0,32.0,0.0
Union Middle,Wise County,55.0,45.0,0.0
Union Mill Elementary,Fairfax County,33.0,67.0,0.0
Union Primary,Wise County,71.0,25.0,1.0
Unity Reed High,Prince William County,28.0,70.0,1.0
Valley Elementary,Bath County,57.0,43.0,0.0
Valley Institute Elementary,Washington County,65.0,28.0,0.0
Varina Elementary,Henrico County,35.0,61.0,4.0
Varina High,Henrico County,46.0,50.0,0.0
Venable Elementary,Charlottesville City,26.0,68.0,3.0
Vernon Johns Middle,Petersburg City,53.0,37.0,4.0
Victoria Elementary,Lunenburg County,56.0,42.0,3.0
Victory Elementary,Portsmouth City,49.0,39.0,4.0
Victory Elementary,Prince William County,31.0,69.0,0.0
Vienna Elementary,Fairfax County,26.0,71.0,3.0
Virginia Beach Middle,Virginia Beach City,49.0,49.0,0.0
Virginia Heights Elementary,Roanoke City,40.0,45.0,0.0
Virginia High,Bristol City,48.0,40.0,4.0
Virginia L. Murray Elementary,Albemarle County,42.0,54.0,0.0
Virginia Middle,Bristol City,44.0,54.0,0.0
Virginia Run Elementary,Fairfax County,20.0,78.0,2.0
W.C. Taylor Middle,Fauquier County,53.0,40.0,0.0
W.E. Cundiff Elementary,Roanoke County,50.0,46.0,2.0
W.G. Coleman Elementary,Fauquier County,58.0,42.0,0.0
W.O. Robey High,Loudoun County,20.0,80.0,0.0
W.T. Cooke Elementary,Virginia Beach City,50.0,48.0,0.0
W.W. Gordon Elementary,Chesterfield County,33.0,67.0,0.0
W.W. Robinson Elementary,Shenandoah County,40.0,57.0,0.0
Wakefield Forest Elementary,Fairfax County,26.0,74.0,0.0
Wakefield High,Arlington County,19.0,76.0,5.0
Walker Upper Elementary,Charlottesville City,38.0,58.0,3.0
Walker-Grant Middle,Fredericksburg City,42.0,48.0,4.0
Wallace Middle,Washington County,58.0,34.0,0.0
Waller Mill Elementary,York County,32.0,61.0,0.0
Walnut Hill Elementary,Petersburg City,59.0,39.0,0.0
Walter Herron Taylor Elementary,Norfolk City,29.0,58.0,3.0
Waples Mill Elementary,Fairfax County,18.0,81.0,0.0
Warhill High,Williamsburg-James City County,28.0,64.0,4.0
Warren County High,Warren County,45.0,51.0,1.0
Warren County Middle,Warren County,55.0,43.0,0.0
Warrenton Middle,Fauquier County,50.0,43.0,0.0
Warwick High,Newport News City,35.0,48.0,2.0
Wasena Elementary,Roanoke City,42.0,39.0,0.0
Washington District Elementary,Westmoreland County,53.0,37.0,0.0
Washington Mill Elementary,Fairfax County,42.0,56.0,0.0
Washington-Lee Elementary,Bristol City,60.0,30.0,5.0
Washington-Liberty High,Arlington County,25.0,70.0,3.0
Watauga Elementary,Washington County,53.0,38.0,4.0
Waterford Elementary,Loudoun County,25.0,72.0,3.0
Waterman Elementary,Harrisonburg City,52.0,46.0,0.0
Waterview Elementary,Portsmouth City,34.0,57.0,2.0
Waverly Yowell Elementary,Madison County,45.0,52.0,3.0
Waxpool Elementary,Loudoun County,30.0,69.0,1.0
Waynewood Elementary,Fairfax County,24.0,75.0,2.0
Weber City Elementary,Scott County,61.0,32.0,0.0
Weems Elementary,Manassas City,30.0,63.0,3.0
West Gate Elementary,Prince William County,35.0,63.0,2.0
West Point Elementary,West Point,48.0,52.0,0.0
West Point Middle/High,West Point,45.0,48.0,2.0
West Potomac High,Fairfax County,26.0,69.0,3.0
West Salem Elementary,Salem City,33.0,67.0,0.0
West Springfield Elementary,Fairfax County,29.0,70.0,2.0
West Springfield High,Fairfax County,32.0,65.0,2.0
Westbriar Elementary,Fairfax County,29.0,69.0,2.0
Western Albemarle High,Albemarle County,35.0,62.0,1.0
Western Branch High,Chesapeake City,33.0,61.0,3.0
Western Branch Intermediate,Chesapeake City,39.0,57.0,0.0
Western Branch Middle,Chesapeake City,43.0,56.0,0.0
Westfield High,Fairfax County,24.0,75.0,0.0
Westgate Elementary,Fairfax County,24.0,76.0,0.0
Westhaven Elementary,Portsmouth City,53.0,40.0,0.0
Westlawn Elementary,Fairfax County,19.0,79.0,1.0
Westmoreland High,Westmoreland County,49.0,47.0,0.0
Westover Hills Elementary,Richmond City,43.0,57.0,0.0
Westridge Elementary,Prince William County,40.0,56.0,0.0
Westside Elementary,Isle of Wight County,43.0,54.0,0.0
Westside Elementary,Roanoke City,51.0,37.0,2.0
Westwood Middle,Danville City,45.0,40.0,2.0
Weyanoke Elementary,Fairfax County,28.0,70.0,2.0
White Oaks Elementary,Fairfax County,24.0,76.0,0.0
White Oaks Elementary,Virginia Beach City,50.0,44.0,0.0
Whitman Middle,Fairfax County,37.0,61.0,0.0
Widewater Elementary,Stafford County,40.0,44.0,0.0
Wilbur S. Pence Middle,Rockingham County,47.0,52.0,0.0
Wilderness Elementary,Spotsylvania County,42.0,58.0,0.0
Willard Elementary,Norfolk City,44.0,50.0,2.0
Willard Middle,Loudoun County,29.0,69.0,2.0
William Byrd High,Roanoke County,39.0,61.0,0.0
William Byrd Middle,Roanoke County,50.0,49.0,0.0
William Campbell High,Campbell County,57.0,39.0,0.0
William E. Waters Middle,Portsmouth City,47.0,44.0,1.0
William Fleming High,Roanoke City,39.0,52.0,1.0
William Fox Elementary,Richmond City,33.0,67.0,0.0
William H. Ruffner Middle,Norfolk City,49.0,37.0,0.0
William H. Wetsel Middle,Madison County,50.0,43.0,3.0
William M. Bass Elementary,Lynchburg City,65.0,35.0,0.0
William Mason Cooper Elementary,Hampton City,44.0,52.0,0.0
William Monroe High,Greene County,40.0,53.0,1.0
William Monroe Middle,Greene County,49.0,49.0,0.0
William Ramsay Elementary,Alexandria City,31.0,59.0,5.0
Williams Elementary,Virginia Beach City,49.0,44.0,0.0
Williamsburg Middle,Arlington County,23.0,73.0,1.0
Willis A. Jenkins Elementary,Newport News City,24.0,68.0,0.0
Willis Elementary,Floyd County,68.0,16.0,0.0
Willow Springs Elementary,Fairfax County,19.0,78.0,3.0
Wilson Elementary,Augusta County,54.0,44.0,0.0
Wilson Memorial High,Augusta County,44.0,54.0,0.0
Wilson Middle,Augusta County,48.0,45.0,0.0
Winding Creek Elementary,Stafford County,50.0,48.0,0.0
Windsor Elementary,Isle of Wight County,38.0,53.0,2.0
Windsor High,Isle of Wight County,44.0,48.0,0.0
Windsor Oaks Elementary,Virginia Beach City,46.0,49.0,3.0
Windsor Woods Elementary,Virginia Beach City,55.0,40.0,0.0
Windy Gap Elementary,Franklin County,48.0,52.0,0.0
Winterpock Elementary,Chesterfield County,39.0,61.0,0.0
Wise Primary,Wise County,56.0,42.0,3.0
Wolftrap Elementary,Fairfax County,35.0,63.0,2.0
Woodberry Hills Elementary,Danville City,45.0,48.0,0.0
Woodbridge High,Prince William County,38.0,59.0,1.0
Woodbridge Middle,Prince William County,35.0,61.0,1.0
Woodbrook Elementary,Albemarle County,28.0,70.0,0.0
Woodburn Elementary,Fairfax County,21.0,77.0,2.0
Woodgrove High,Loudoun County,22.0,74.0,4.0
Woodlawn Elementary,Fairfax County,30.0,63.0,0.0
Woodley Hills Elementary,Fairfax County,39.0,56.0,2.0
Woodrow Wilson Middle,Roanoke City,44.0,44.0,1.0
Woodside High,Newport News City,33.0,50.0,1.0
Woodson High,Fairfax County,25.0,72.0,2.0
Woodstock Elementary,Virginia Beach City,38.0,62.0,0.0
Woodville Elementary,Richmond City,66.0,28.0,0.0
Woolridge Elementary,Chesterfield County,41.0,58.0,0.0
Woolwine Elementary,Patrick County,50.0,50.0,0.0
Yellow Branch Elementary,Campbell County,38.0,55.0,0.0
York High,York County,42.0,52.0,4.0
York River Academy,York County,47.0,47.0,0.0
Yorkshire Elementary,Prince William County,37.0,63.0,0.0
Yorktown Elementary,York County,47.0,51.0,0.0
Yorktown High,Arlington County,22.0,75.0,1.0
Yorktown Middle,York County,30.0,65.0,2.0
Yowell Elementary,Culpeper County,53.0,45.0,0.0
Yuma Elementary,Scott County,58.0,37.0,0.0
