Division Name,School Name,percentage_homeless
Accomack County,Accawmacke Elementary,0.09313725490196079
Accomack County,Arcadia High,0.024745269286754003
Accomack County,Arcadia Middle,0.0
Accomack County,Chincoteague Elementary,0.061946902654867256
Accomack County,Chincoteague High,0.0
Accomack County,Kegotank Elementary,0.03368421052631579
Accomack County,Metompkin Elementary,0.021505376344086023
Accomack County,Nandua High,0.029141104294478526
Accomack County,Nandua Middle,0.05274725274725275
Accomack County,Pungoteague Elementary,0.06880733944954129
Accomack County,Tangier Combined,0.0
Albemarle County,Agnor-Hurt Elementary,0.0
Albemarle County,Albemarle High,1.0
Albemarle County,Baker-Butler Elem,0.0
Albemarle County,Broadus Wood Elementary,0.0
Albemarle County,Brownsville Elementary,0.0
Albemarle County,Community Lab School,0.0
Albemarle County,Crozet Elementary,0.0
Albemarle County,Hollymead Elementary,0.0
Albemarle County,Jack Jouett Middle,0.0
Albemarle County,Jackson P. Burley Middle,0.0
Albemarle County,Joseph T. Henley Middle,0.0
Albemarle County,Lakeside Middle,0.0
Albemarle County,Leslie H. Walton Middle,0.0
Albemarle County,Mary Carr Greer Elementary,0.0
Albemarle County,Meriwether Lewis Elementary,0.0
Albemarle County,Monticello High,
Albemarle County,Mountain View Elementary,0.0
Albemarle County,Red Hill Elementary,0.0
Albemarle County,Scottsville Elementary,0.0
Albemarle County,Stone Robinson Elementary,0.0
Albemarle County,Stony Point Elementary,0.0
Albemarle County,Virginia L. Murray Elementary,0.0
Albemarle County,Western Albemarle High,
Albemarle County,Woodbrook Elementary,0.0
Alexandria City,Alexandria City High,1.0
Alexandria City,Charles Barrett Elementary,0.0
Alexandria City,Cora Kelly School for Math Science and Technology,0.0
Alexandria City,Douglas Macarthur Elementary,0.0
Alexandria City,Early Childhood Center,0.0
Alexandria City,Ferdinand T. Day Elementary,0.0
Alexandria City,Francis C. Hammond Middle,1.0
Alexandria City,George Mason Elementary,0.0
Alexandria City,George Washington Middle,
Alexandria City,James K. Polk Elementary,0.0
Alexandria City,Jefferson-Houston PK-8 School,0.015527950310559006
Alexandria City,John Adams Elementary,0.0
Alexandria City,Lyles-Crouch Elementary,0.0
Alexandria City,Mount Vernon Elementary,0.0
Alexandria City,Naomi L. Brooks Elementary,0.0
Alexandria City,Patrick Henry K-8 School,0.0
Alexandria City,Samuel W. Tucker Elementary,0.0
Alexandria City,William Ramsay Elementary,0.0
Alleghany County,Alleghany High,0.0
Alleghany County,Callaghan Elementary,0.0
Alleghany County,Clifton Middle,0.0
Alleghany County,Mountain View Elementary,0.0
Alleghany County,Sharon Elementary,0.0
Amelia County,Amelia County Elementary,0.0
Amelia County,Amelia County High,0.0
Amelia County,Amelia County Middle,0.0
Amherst County,Amelon Elementary,0.0
Amherst County,Amherst County High,
Amherst County,Amherst Elementary,0.0
Amherst County,Amherst Middle,0.0
Amherst County,Central Elementary,0.0
Amherst County,Elon Elementary,0.0
Amherst County,Madison Heights Elementary,0.031496062992125984
Amherst County,Monelison Middle,0.02142857142857143
Amherst County,Temperance Elementary,0.0
Appomattox County,Appomattox County High,0.0
Appomattox County,Appomattox Elementary,0.0
Appomattox County,Appomattox Middle,0.0
Appomattox County,Appomattox Primary,0.0
Arlington County,Abingdon Elementary,0.0
Arlington County,Alice West Fleet Elementary,0.0
Arlington County,Arlington Community High,0.0
Arlington County,Arlington Science Focus School,0.0
Arlington County,Arlington Traditional,0.0
Arlington County,Ashlawn Elementary,0.0
Arlington County,Barcroft Elementary,0.0
Arlington County,Barrett Elementary,0.0
Arlington County,Campbell Elementary,0.0
Arlington County,Cardinal Elementary,0.0
Arlington County,Carlin Springs Elementary,0.0
Arlington County,Claremont Immersion,0.0
Arlington County,Discovery Elementary,0.0
Arlington County,Dorothy Hamm Middle,0.0
Arlington County,Dr. Charles R. Drew Elementary,0.0
Arlington County,Escuela Key Elementary,0.0
Arlington County,Glebe Elementary,0.0
Arlington County,Gunston Middle,
Arlington County,Hoffman-Boston Elementary,0.0
Arlington County,Innovation Elementary,0.0
Arlington County,Integration Station,0.0
Arlington County,Jamestown Elementary,0.0
Arlington County,Jefferson Middle,0.0
Arlington County,Kenmore Middle,
Arlington County,Long Branch Elementary,0.0
Arlington County,Montessori Public School of Arlington,0.0
Arlington County,Nottingham Elementary,0.0
Arlington County,Oakridge Elementary,0.0
Arlington County,Randolph Elementary,0.0
Arlington County,Swanson Middle,0.0
Arlington County,Taylor Elementary,0.0
Arlington County,Tuckahoe Elementary,0.0
Arlington County,Wakefield High,1.0
Arlington County,Washington-Liberty High,
Arlington County,Williamsburg Middle,0.0
Arlington County,Yorktown High,
Augusta County,Beverley Manor Middle,0.0
Augusta County,Buffalo Gap High,0.0
Augusta County,Cassell Elementary,0.0
Augusta County,Churchville Elementary,0.0
Augusta County,Craigsville Elementary,0.0
Augusta County,Edward G. Clymore Elementary,0.0
Augusta County,Fort Defiance High,0.0
Augusta County,Guy K. Stump Elementary,0.0
Augusta County,North River Elementary,0.0
Augusta County,Riverheads Elementary,0.0
Augusta County,Riverheads High,0.0
Augusta County,S. Gordon Stewart Middle,0.0
Augusta County,Stuarts Draft Elementary,0.0
Augusta County,Stuarts Draft High,0.0
Augusta County,Stuarts Draft Middle,0.0
Augusta County,Wilson Elementary,0.0
Augusta County,Wilson Memorial High,0.0
Augusta County,Wilson Middle,0.0
Bath County,Bath County High,0.0
Bath County,Millboro Elementary,0.0
Bath County,Valley Elementary,0.0
Bedford County,Bedford Elementary,0.0
Bedford County,Bedford Primary,0.0
Bedford County,Big Island Elementary,0.0
Bedford County,Boonsboro Elementary,0.0
Bedford County,Forest Elementary,0.0
Bedford County,Forest Middle,0.0
Bedford County,Goodview Elementary,0.0
Bedford County,Huddleston Elementary,0.0
Bedford County,Jefferson Forest High,
Bedford County,Liberty High,0.0
Bedford County,Liberty Middle,0.0
Bedford County,Moneta Elementary,0.0
Bedford County,Montvale Elementary,0.0
Bedford County,New London Academy Elementary,0.0
Bedford County,Otter River Elementary,0.0
Bedford County,Staunton River High,0.013057671381936888
Bedford County,Staunton River Middle,0.0
Bedford County,Stewartsville Elementary,0.0
Bedford County,Thomas Jefferson Elementary,0.0
Bland County,Bland County Elementary,0.0
Bland County,Bland County High,0.0
Botetourt County,Breckinridge Elementary,0.0
Botetourt County,Buchanan Elementary,0.0
Botetourt County,Central Academy Middle,0.0
Botetourt County,Cloverdale Elementary,0.0
Botetourt County,Colonial Elementary,0.0
Botetourt County,Eagle Rock Elementary,0.0
Botetourt County,Greenfield Elementary,0.0
Botetourt County,James River High,0.0
Botetourt County,Lord Botetourt High,
Botetourt County,Read Mountain Middle,0.0
Botetourt County,Troutville Elementary,0.0
Bristol City,Highland View Elementary,0.0
Bristol City,Joseph Van Pelt Elementary,0.0
Bristol City,Stonewall Jackson Elementary,0.0
Bristol City,Virginia High,0.0
Bristol City,Virginia Middle,0.051440329218107
Bristol City,Washington-Lee Elementary,0.13304721030042918
Brunswick County,Brunswick High,0.0
Brunswick County,James S. Russell Middle,0.0
Brunswick County,Meherrin Powellton Elementary,0.0
Brunswick County,Red Oak-Sturgeon Elementary,0.0
Brunswick County,Totaro Elementary,0.0
Buchanan County,Council Elementary/Middle,0.0
Buchanan County,Council High,0.0
Buchanan County,Grundy High,0.0
Buchanan County,Hurley Elementary/Middle,0.0
Buchanan County,Hurley High,0.0
Buchanan County,Riverview Elementary/Middle,0.0
Buchanan County,Twin Valley Elementary/Middle,0.0
Buchanan County,Twin Valley High,0.0
Buckingham County,Buckingham Co Elementary,0.0
Buckingham County,Buckingham Co Prekindergarten Center,0.0
Buckingham County,Buckingham Co Primary,0.0
Buckingham County,Buckingham County High,0.0
Buckingham County,Buckingham County Middle,0.025793650793650792
Buena Vista City,Enderly Heights Elementary,0.0
Buena Vista City,F.W. Kling Jr. Elementary,0.0
Buena Vista City,Parry McCluer High,0.0
Buena Vista City,Parry McCluer Middle,0.0
Campbell County,Altavista Elementary,0.0
Campbell County,Altavista High,0.0
Campbell County,Brookneal Elementary,0.0
Campbell County,Brookville High,
Campbell County,Brookville Middle,0.0
Campbell County,Concord Elementary,0.0
Campbell County,Leesville Road Elementary,0.0
Campbell County,Rustburg Elementary,0.0
Campbell County,Rustburg High,0.0
Campbell County,Rustburg Middle,0.0
Campbell County,Tomahawk Elementary,0.0
Campbell County,William Campbell High,0.0
Campbell County,Yellow Branch Elementary,0.0
Caroline County,Bowling Green Elementary,0.0
Caroline County,Caroline High,
Caroline County,Caroline Middle,0.0
Caroline County,Lewis and Clark Elementary,0.0
Caroline County,Madison Elementary,0.0
Carroll County,Carroll County High,
Carroll County,Carroll County Middle,0.0
Carroll County,Fancy Gap Elementary,0.0
Carroll County,Gladesboro Elementary,0.0
Carroll County,Gladeville Elementary,0.0
Carroll County,Hillsville Elementary,0.0
Carroll County,Laurel Elementary,0.0
Carroll County,Oakland Elementary,0.0
Carroll County,St. Paul,0.0
Charles City County,Charles City County Elementary,0.0
Charles City County,Charles City County High,0.0
Charlotte County,Bacon District Elementary,0.0
Charlotte County,Central Middle,0.0
Charlotte County,Eureka Elementary,0.0
Charlotte County,Phenix Elementary,0.0
Charlotte County,Randolph-Henry High,0.0
Charlottesville City,Buford Middle,0.0
Charlottesville City,Burnley-Moran Elementary,0.0
Charlottesville City,Charlottesville High,
Charlottesville City,Clark Elementary,0.0
Charlottesville City,Greenbrier Elementary,0.0
Charlottesville City,Jackson-Via Elementary,0.0
Charlottesville City,Johnson Elementary,0.0
Charlottesville City,Venable Elementary,0.0
Charlottesville City,Walker Upper Elementary,0.0
Chesapeake City,B.M. Williams Primary,0.0
Chesapeake City,Butts Road Intermediate,0.0
Chesapeake City,Butts Road Primary,0.0
Chesapeake City,Camelot Elementary,0.0
Chesapeake City,Cedar Road Elementary,0.0
Chesapeake City,Crestwood Intermediate,0.0
Chesapeake City,Crestwood Middle,0.0
Chesapeake City,Deep Creek Central Elementary,0.0
Chesapeake City,Deep Creek Elementary,0.0
Chesapeake City,Deep Creek High,
Chesapeake City,Deep Creek Middle,0.0
Chesapeake City,Edwin W. Chittum Elementary,0.0
Chesapeake City,G.A. Treakle Elementary,0.0
Chesapeake City,George W. Carver Intermediate,0.0
Chesapeake City,Georgetown Primary,0.0
Chesapeake City,Grassfield Elementary,
Chesapeake City,Grassfield High,
Chesapeake City,Great Bridge High,
Chesapeake City,Great Bridge Intermediate,0.0
Chesapeake City,Great Bridge Middle,
Chesapeake City,Great Bridge Primary,0.0
Chesapeake City,Greenbrier Intermediate,0.0
Chesapeake City,Greenbrier Middle,0.0
Chesapeake City,Greenbrier Primary,0.0
Chesapeake City,Hickory Elementary,0.0
Chesapeake City,Hickory High,
Chesapeake City,Hickory Middle,
Chesapeake City,Hugo A. Owens Middle,
Chesapeake City,Indian River High,
Chesapeake City,Indian River Middle,0.0
Chesapeake City,Jolliff Middle,0.0
Chesapeake City,Norfolk Highlands Primary,0.0
Chesapeake City,Oscar F. Smith High,1.0
Chesapeake City,Oscar Smith Middle,
Chesapeake City,Portlock Primary,0.0
Chesapeake City,Rena B. Wright Primary,0.0
Chesapeake City,Southeastern Elementary,0.0
Chesapeake City,Southwestern Elementary,0.0
Chesapeake City,Sparrow Road Intermediate,0.0
Chesapeake City,Thurgood Marshall Elementary,0.0
Chesapeake City,Truitt Intermediate,0.0
Chesapeake City,Western Branch High,
Chesapeake City,Western Branch Intermediate,0.0
Chesapeake City,Western Branch Middle,0.0
Chesapeake City,Western Branch Primary,0.0
Chesterfield County,A.M. Davis Elementary,0.0
Chesterfield County,Alberta Smith Elementary,0.0
Chesterfield County,Bailey Bridge Middle,
Chesterfield County,Bellwood Elementary,0.0
Chesterfield County,Bensley Elementary,0.0
Chesterfield County,Bettie Weaver Elementary,0.0
Chesterfield County,Beulah Elementary,0.0
Chesterfield County,Bon Air Elementary,0.0
Chesterfield County,C.C. Wells Elementary,0.0
Chesterfield County,C.E. Curtis Elementary,0.01483679525222552
Chesterfield County,Carver College and Career Academy,0.0
Chesterfield County,Carver Middle,1.0
Chesterfield County,Chester Early Childhood Learning Academy,0.0
Chesterfield County,Clover Hill Elementary,0.0
Chesterfield County,Clover Hill High,
Chesterfield County,Cosby High,
Chesterfield County,Crestwood Elementary,0.0
Chesterfield County,Ecoff Elementary,0.024324324324324326
Chesterfield County,Elizabeth Davis Middle,
Chesterfield County,Elizabeth Scott Elementary,0.0
Chesterfield County,Enon Elementary,0.0
Chesterfield County,Ettrick Elementary,0.0
Chesterfield County,Evergreen Elementary,0.0
Chesterfield County,Falling Creek Elementary,0.0
Chesterfield County,Falling Creek Middle,
Chesterfield County,Grange Hall Elementary,0.0
Chesterfield County,Greenfield Elementary,0.0
Chesterfield County,Harrowgate Elementary,0.0
Chesterfield County,Hopkins Road Elementary,0.0
Chesterfield County,J.A. Chalkley Elementary,0.013513513513513514
Chesterfield County,J.B. Watkins Elementary,0.0
Chesterfield County,J.G. Hening Elementary,0.0
Chesterfield County,Jacobs Road Elementary,0.0
Chesterfield County,James River High,1.0
Chesterfield County,Lloyd C. Bird High,1.0
Chesterfield County,Manchester High,
Chesterfield County,Manchester Middle,
Chesterfield County,Marguerite F. Christian Elementary,0.027607361963190184
Chesterfield County,Matoaca Elementary,0.0
Chesterfield County,Matoaca High,1.0
Chesterfield County,Matoaca Middle,0.0
Chesterfield County,Meadowbrook High,1.0
Chesterfield County,Midlothian High,
Chesterfield County,Midlothian Middle,
Chesterfield County,Monacan High,
Chesterfield County,O.B. Gates Elementary,0.0
Chesterfield County,Old Hundred Elementary,0.0
Chesterfield County,Providence Elementary,0.0
Chesterfield County,Providence Middle,
Chesterfield County,Reams Road Elementary,0.0
Chesterfield County,Robious Elementary,0.0
Chesterfield County,Robious Middle,
Chesterfield County,Salem Church Elementary,0.0
Chesterfield County,Salem Church Middle,0.0
Chesterfield County,Spring Run Elementary,0.0
Chesterfield County,Swift Creek Elementary,0.0
Chesterfield County,Swift Creek Middle,
Chesterfield County,Thelma Crenshaw Elementary,0.0
Chesterfield County,Thomas Dale High,
Chesterfield County,Tomahawk Creek Middle,
Chesterfield County,W.W. Gordon Elementary,0.0
Chesterfield County,Winterpock Elementary,
Chesterfield County,Woolridge Elementary,0.0
Clarke County,Boyce Elementary,0.0
Clarke County,Clarke County High,0.0
Clarke County,D.G. Cooley Elementary,0.0
Clarke County,Johnson-Williams Middle,0.0
Colonial Beach,Colonial Beach Elementary,0.038461538461538464
Colonial Beach,Colonial Beach High,0.06382978723404255
Colonial Heights City,Colonial Heights High,0.0
Colonial Heights City,Colonial Heights Middle,0.0
Colonial Heights City,Lakeview Elementary,0.028132992327365727
Colonial Heights City,North Elementary,0.0
Colonial Heights City,Tussing Elementary,0.0
Covington City,Covington High,0.0
Covington City,Edgemont Primary,0.0
Covington City,Jeter-Watson Intermediate,0.0
Craig County,Craig County High,0.0
Craig County,McCleary Elementary,0.0
Culpeper County,A.G. Richardson Elementary,0.0
Culpeper County,Culpeper County High,
Culpeper County,Culpeper Middle,
Culpeper County,Eastern View High,
Culpeper County,Emerald Hill Elementary,0.0
Culpeper County,Farmington Elementary,0.0
Culpeper County,Floyd T. Binns Middle,0.0
Culpeper County,Galbreath-Marshall Building,
Culpeper County,Pearl Sample Elementary,0.0
Culpeper County,Sycamore Park Elementary,0.0
Culpeper County,Yowell Elementary,0.0
Cumberland County,Cumberland Elementary,0.0
Cumberland County,Cumberland High,0.0
Cumberland County,Cumberland Middle,0.0
Danville City,Edwin A. Gibson Elementary,0.0
Danville City,Forest Hills Elementary,0.0
Danville City,G.L.H. Johnson Elementary,0.0
Danville City,Galileo Magnet High,0.0
Danville City,George Washington High,1.0
Danville City,Grove Park Preschool,0.0
Danville City,O. Trent Bonner Middle,0.0
Danville City,Park Avenue Elementary,0.0
Danville City,Schoolfield Elementary,0.041666666666666664
Danville City,The Northside Preschool,0.0
Danville City,Westwood Middle,0.0196078431372549
Danville City,Woodberry Hills Elementary,0.0
Dickenson County,Clintwood Elementary,0.0
Dickenson County,Ervinton Elementary,0.0
Dickenson County,Ridgeview High,0.0
Dickenson County,Ridgeview Middle,0.0
Dickenson County,Sandlick Elementary,0.0
Dinwiddie County,Dinwiddie County High,
Dinwiddie County,Dinwiddie County Middle,0.0
Dinwiddie County,Dinwiddie Elementary,0.0
Dinwiddie County,Midway Elementary,0.0
Dinwiddie County,Southside Elementary,0.0
Dinwiddie County,Sunnyside Elementary,0.0
Dinwiddie County,Sutherland Elementary,0.0
Essex County,Essex High,0.0
Essex County,James H. Cary Intermediate,0.0
Essex County,Tappahannock Elementary,0.021153846153846155
Fairfax County,Aldrin Elementary,0.0
Fairfax County,Annandale High,1.0
Fairfax County,Annandale Terrace Elementary,0.0
Fairfax County,Archer Elementary,0.0
Fairfax County,Armstrong Elementary,0.0
Fairfax County,Bailey's Elementary School for the Arts and Sciences,0.0
Fairfax County,Bailey's Upper Elementary School for the Arts and Sciences,0.0
Fairfax County,Beech Tree Elementary,0.0
Fairfax County,Belle View Elementary,0.0
Fairfax County,Belvedere Elementary,0.0
Fairfax County,Bonnie Brae Elementary,0.0
Fairfax County,Braddock Elementary,0.0
Fairfax County,Bren Mar Park Elementary,0.0
Fairfax County,Brookfield Elementary,0.0
Fairfax County,Bryant High,0.0
Fairfax County,Bucknell Elementary,0.0
Fairfax County,Bull Run Early Childhood Resource Center,0.0
Fairfax County,Bull Run Elementary,0.0
Fairfax County,Bush Hill Elementary,0.0
Fairfax County,Camelot Elementary,0.0
Fairfax County,Cameron Elementary,0.0
Fairfax County,Canterbury Woods Elementary,0.0
Fairfax County,Cardinal Forest Elementary,0.0
Fairfax County,Carson Middle,
Fairfax County,Centre Ridge Elementary,0.0
Fairfax County,Centreville Elementary,0.0
Fairfax County,Centreville High,1.0
Fairfax County,Chantilly High,1.0
Fairfax County,Cherry Run Elementary,0.0
Fairfax County,Chesterbrook Elementary,0.0
Fairfax County,Churchill Road Elementary,0.0
Fairfax County,Clearview Elementary,0.0
Fairfax County,Clermont Elementary,0.0
Fairfax County,Coates Elementary,0.0
Fairfax County,Columbia Elementary,0.0
Fairfax County,Colvin Run Elementary,0.0
Fairfax County,Cooper Middle,
Fairfax County,Crestwood Elementary,0.0
Fairfax County,Crossfield Elementary,0.0
Fairfax County,Cub Run Elementary,0.0
Fairfax County,Cunningham Park Elementary,0.0
Fairfax County,Daniels Run Elementary,0.0
Fairfax County,Deer Park Elementary,0.0176678445229682
Fairfax County,Dogwood Elementary,0.0
Fairfax County,Dranesville Elementary,0.0
Fairfax County,Dunn Loring Early Childhood Resource Center,0.0
Fairfax County,Eagle View Elementary,0.0
Fairfax County,Edison High,
Fairfax County,Fairfax County Adult High,0.0
Fairfax County,Fairfax High,
Fairfax County,Fairfax Villa Elementary,0.0
Fairfax County,Fairhill Elementary,0.0
Fairfax County,Fairview Elementary,0.0
Fairfax County,Falls Church High,1.0
Fairfax County,Flint Hill Elementary,0.0
Fairfax County,Floris Elementary,0.0
Fairfax County,Forest Edge Elementary,0.0
Fairfax County,Forestdale Elementary,0.0
Fairfax County,Forestville Elementary,0.0
Fairfax County,Fort Belvoir Elementary,0.0
Fairfax County,Fort Belvoir Upper Elementary,0.0
Fairfax County,Fort Hunt Elementary,0.0
Fairfax County,Fox Mill Elementary,0.0
Fairfax County,Franconia Elementary,0.0
Fairfax County,Franklin Middle,0.0
Fairfax County,Freedom Hill Elementary,0.0
Fairfax County,Frost Middle,
Fairfax County,Garfield Elementary,0.0
Fairfax County,Glasgow Middle,1.0
Fairfax County,Glen Forest Elementary,0.0
Fairfax County,Graham Road Elementary,0.0
Fairfax County,Great Falls Elementary,0.0
Fairfax County,Greenbriar East Elementary,0.0
Fairfax County,Greenbriar West Elementary,0.0
Fairfax County,Groveton Elementary,0.0
Fairfax County,Gunston Elementary,0.0
Fairfax County,Halley Elementary,0.02023608768971332
Fairfax County,Haycock Elementary,0.0
Fairfax County,Hayfield Elementary,0.0
Fairfax County,Hayfield Secondary,
Fairfax County,Herndon Elementary,0.0
Fairfax County,Herndon High,1.0
Fairfax County,Herndon Middle,1.0
Fairfax County,Hollin Meadows Elementary,0.0
Fairfax County,Holmes Middle,0.0
Fairfax County,Hughes Middle,0.0
Fairfax County,Hunt Valley Elementary,0.0
Fairfax County,Hunters Woods Elementary School for the Arts and Sciences,0.0
Fairfax County,Hutchison Elementary,1.0
Fairfax County,Hybla Valley Elementary,0.0
Fairfax County,Irving Middle,
Fairfax County,Island Creek Elementary,0.0
Fairfax County,Jackson Middle,
Fairfax County,Johnson Middle,
Fairfax County,Justice High,1.0
Fairfax County,Keene Mill Elementary,0.0
Fairfax County,Kent Gardens Elementary,
Fairfax County,Key Center,0.0
Fairfax County,Key Middle,0.0
Fairfax County,Kilmer Center,0.0
Fairfax County,Kilmer Middle,
Fairfax County,Kings Glen Elementary,0.0
Fairfax County,Kings Park Elementary,0.0
Fairfax County,Lake Anne Elementary,0.0
Fairfax County,Lake Braddock Secondary,1.0
Fairfax County,Lane Elementary,0.0
Fairfax County,Langley High,
Fairfax County,Laurel Hill Elementary,0.0
Fairfax County,Laurel Ridge Elementary,0.0
Fairfax County,Lees Corner Elementary,0.0
Fairfax County,Lemon Road Elementary,0.0
Fairfax County,Lewis High,
Fairfax County,Liberty Middle,0.0
Fairfax County,Little Run Elementary,0.0
Fairfax County,London Towne Elementary,0.0
Fairfax County,Longfellow Middle,
Fairfax County,Lorton Station Elementary,0.0
Fairfax County,Lynbrook Elementary,0.0
Fairfax County,Madison High,
Fairfax County,Mantua Elementary,0.0
Fairfax County,Marshall High,1.0
Fairfax County,Marshall Road Elementary,0.0
Fairfax County,Mason Crest Elementary,0.0
Fairfax County,McLean High,
Fairfax County,McNair Elementary,0.0
Fairfax County,McNair Upper Elementary,0.0
Fairfax County,Mosaic Elementary,0.0
Fairfax County,Mount Eagle Elementary,0.0
Fairfax County,Mount Vernon High,1.0
Fairfax County,Mount Vernon Woods Elementary,0.0
Fairfax County,Mountain View High,0.0
Fairfax County,Navy Elementary,0.0
Fairfax County,Newington Forest Elementary,0.0
Fairfax County,North Springfield Elementary,0.0
Fairfax County,Oak Hill Elementary,0.0
Fairfax County,Oak View Elementary,0.0
Fairfax County,Oakton Elementary,0.0
Fairfax County,Oakton High,
Fairfax County,Olde Creek Elementary,0.0
Fairfax County,Orange Hunt Elementary,0.0
Fairfax County,Parklawn Elementary,0.0
Fairfax County,Pimmit Early Childhood Resource Center,0.0
Fairfax County,Pine Spring Elementary,0.0
Fairfax County,Poe Middle,0.0
Fairfax County,Poplar Tree Elementary,0.0
Fairfax County,Powell Elementary,0.0
Fairfax County,Providence Elementary,0.0
Fairfax County,Ravensworth Elementary,0.0
Fairfax County,Riverside Elementary,0.0
Fairfax County,Robinson Secondary,
Fairfax County,Rocky Run Middle,
Fairfax County,Rolling Valley Elementary,0.0
Fairfax County,Rose Hill Elementary,0.0
Fairfax County,Sandburg Middle,
Fairfax County,Sangster Elementary,0.0
Fairfax County,Saratoga Elementary,0.0
Fairfax County,Sherman Elementary,0.0
Fairfax County,Shrevewood Elementary,0.0
Fairfax County,Silverbrook Elementary,0.0
Fairfax County,Sleepy Hollow Elementary,0.0
Fairfax County,South County High,
Fairfax County,South County Middle,0.0
Fairfax County,South Lakes High,1.0
Fairfax County,Spring Hill Elementary,0.0
Fairfax County,Springfield Estates Elementary,0.0
Fairfax County,Stenwood Elementary,0.0
Fairfax County,Stone Middle,0.0
Fairfax County,Stratford Landing Elementary,0.0
Fairfax County,Sunrise Valley Elementary,0.0
Fairfax County,Terra Centre Elementary,0.0
Fairfax County,Terraset Elementary,0.0
Fairfax County,Thomas Jefferson High for Science and Technology,
Fairfax County,Thoreau Middle,
Fairfax County,Timber Lane Elementary,0.0
Fairfax County,Twain Middle,
Fairfax County,Union Mill Elementary,0.0
Fairfax County,Vienna Elementary,0.0
Fairfax County,Virginia Hills Early Childhood Resource Center,0.0
Fairfax County,Virginia Run Elementary,0.023529411764705882
Fairfax County,Wakefield Forest Elementary,0.0
Fairfax County,Waples Mill Elementary,0.0
Fairfax County,Washington Mill Elementary,0.0
Fairfax County,Waynewood Elementary,0.0
Fairfax County,West Potomac High,
Fairfax County,West Springfield Elementary,0.0
Fairfax County,West Springfield High,
Fairfax County,Westbriar Elementary,0.0
Fairfax County,Westfield High,1.0
Fairfax County,Westgate Elementary,0.0
Fairfax County,Westlawn Elementary,0.0
Fairfax County,Weyanoke Elementary,0.0
Fairfax County,White Oaks Elementary,0.0
Fairfax County,Whitman Middle,0.0
Fairfax County,Willow Springs Elementary,0.0
Fairfax County,Wolftrap Elementary,0.0
Fairfax County,Woodburn Elementary,0.027139874739039668
Fairfax County,Woodlawn Elementary,0.0
Fairfax County,Woodley Hills Elementary,0.0
Fairfax County,Woodson High,
Falls Church City,Jessie Thackrey  Preschool,0.0
Falls Church City,Mary Ellen Henderson Middle,0.0
Falls Church City,Meridian High,0.0
Falls Church City,Mount Daniel Elementary,0.0
Falls Church City,Oak Street Elementary,0.0
Fauquier County,Auburn Middle,0.0
Fauquier County,C. Hunter Ritchie Elementary,0.0
Fauquier County,C.M. Bradley Elementary,0.031791907514450865
Fauquier County,Cedar Lee Middle,0.0
Fauquier County,Claude Thompson Elementary,0.0
Fauquier County,Fauquier High,
Fauquier County,Grace Miller Elementary,0.0
Fauquier County,Greenville Elementary,0.024291497975708502
Fauquier County,H.M. Pearson Elementary,0.0
Fauquier County,James G. Brumfield Elementary,0.0
Fauquier County,Kettle Run High,
Fauquier County,Liberty High,
Fauquier County,Margaret M. Pierce Elementary,0.019120458891013385
Fauquier County,Marshall Middle,0.0
Fauquier County,Mary Walter Elementary,0.0
Fauquier County,P.B. Smith Elementary,0.0
Fauquier County,W.C. Taylor Middle,0.0
Fauquier County,W.G. Coleman Elementary,0.0
Fauquier County,Warrenton Middle,0.0
Floyd County,Check Elementary,0.0
Floyd County,Floyd County High,0.0
Floyd County,Floyd Elementary,0.0
Floyd County,Indian Valley Elementary,0.0
Floyd County,Willis Elementary,0.0
Fluvanna County,Carysbrook Elementary,0.026726057906458798
Fluvanna County,Central Elementary,0.024390243902439025
Fluvanna County,Fluvanna County High,1.0
Fluvanna County,Fluvanna Middle,0.014686248331108143
Fluvanna County,West Central Primary,0.0
Franklin City,Franklin High,0.0
Franklin City,Joseph P. King Jr. Middle,0.0
Franklin City,S.P. Morton Elementary,0.0
Franklin County,Benjamin Franklin Middle,
Franklin County,Boones Mill Elementary,0.0
Franklin County,Burnt Chimney Elementary,0.0
Franklin County,Callaway Elementary,0.0
Franklin County,Dudley Elementary,0.0
Franklin County,Ferrum Elementary,0.0
Franklin County,Franklin County High,
Franklin County,Glade Hill Elementary,0.0
Franklin County,Henry Elementary,0.0
Franklin County,Lee M. Waid Elementary,0.0
Franklin County,Rocky Mount Elementary,0.0
Franklin County,Snow Creek Elementary,0.0
Franklin County,Sontag Elementary,0.0
Franklin County,Windy Gap Elementary,0.0
Frederick County,Admiral Richard E. Byrd Middle,0.0
Frederick County,Apple Pie Ridge Elementary,0.0
Frederick County,Armel Elementary,0.0
Frederick County,Bass-Hoover Elementary,0.0
Frederick County,Evendale Elementary,0.0
Frederick County,Frederick County Middle,0.0
Frederick County,Gainesboro Elementary,0.0
Frederick County,Greenwood Mill Elementary,0.0
Frederick County,Indian Hollow Elementary,0.0
Frederick County,James Wood High,
Frederick County,James Wood Middle,0.012224938875305624
Frederick County,Jordan Springs Elementary,0.0
Frederick County,Middletown Elementary,0.0
Frederick County,Millbrook High,1.0
Frederick County,Orchard View Elementary,0.0
Frederick County,Redbud Run Elementary,0.0
Frederick County,Robert E. Aylor Middle,0.0
Frederick County,Sherando High,1.0
Frederick County,Stonewall Elementary,0.0
Fredericksburg City,Hugh Mercer Elementary,0.0
Fredericksburg City,James Monroe High,1.0
Fredericksburg City,Lafayette Elementary,0.03117206982543641
Fredericksburg City,Walker-Grant Early Childhood Center,0.0
Fredericksburg City,Walker-Grant Middle,0.02557544757033248
Galax City,Galax Elementary,0.0
Galax City,Galax High,0.0
Galax City,Galax Middle,0.0
Giles County,Eastern Elementary/Middle,0.0
Giles County,Giles High,0.0
Giles County,Macy Mcclaugherty Elementary/Middle,0.0
Giles County,Narrows Elementary/Middle,0.0
Giles County,Narrows High,0.0
Gloucester County,Abingdon Elementary,0.0
Gloucester County,Achilles Elementary,0.0
Gloucester County,Bethel Elementary,0.0
Gloucester County,Botetourt Elementary,0.0
Gloucester County,Gloucester High,
Gloucester County,Page Middle,0.0
Gloucester County,Peasley Middle,0.0
Gloucester County,Petsworth Elementary,0.0
Goochland County,Byrd Elementary,0.0
Goochland County,Goochland Elementary,0.0
Goochland County,Goochland High,0.0
Goochland County,Goochland Middle,0.0
Goochland County,Randolph Elementary,0.0
Grayson County,Fairview Elementary,0.0
Grayson County,Fries Elementary,0.0
Grayson County,Grayson County High,0.0
Grayson County,Grayson Highlands,0.0
Grayson County,Independence Elementary,0.0
Grayson County,Independence Middle,0.0
Greene County,Nathanael Greene Elementary,0.0
Greene County,Nathanael Greene Primary,0.0
Greene County,Ruckersville Elementary,0.0
Greene County,William Monroe High,0.0
Greene County,William Monroe Middle,0.0
Greensville County,Belfield Elementary,0.0
Greensville County,Edward W. Wyatt Middle,0.0
Greensville County,Greensville County High,0.0
Greensville County,Greensville Elementary,0.0
Halifax County,Clays Mill Elementary,0.0
Halifax County,Cluster Springs Elementary,0.0
Halifax County,Halifax County High,1.0
Halifax County,Halifax County Middle,
Halifax County,Meadville Elementary,0.0
Halifax County,Scottsburg Elementary,0.0
Halifax County,Sinai Elementary,0.0
Halifax County,South Boston Elementary,0.0
Halifax County,South Boston/Halifax Early Learning Center,0.0
Halifax County,Sydnor Jennings Elementary,0.0
Hampton City,A.W.E. Bassette Elementary,0.0
Hampton City,Aberdeen Elementary,0.0
Hampton City,Albert W. Patrick III Elementary,0.0
Hampton City,Alfred S. Forrest Elementary,0.0
Hampton City,Armstrong Elementary,0.0
Hampton City,Barron Elementary,0.0
Hampton City,Benjamin Syms Middle,0.012332990750256937
Hampton City,Bethel High,1.0
Hampton City,C. Alton Lindsay Middle,0.017881705639614855
Hampton City,Captain John Smith Elementary,0.0
Hampton City,Cesar Tarrant Middle,0.0
Hampton City,Christopher C. Kraft Elementary,0.0
Hampton City,Francis Asbury Elementary,0.0
Hampton City,Francis W. Jones Magnet Middle,0.0
Hampton City,George P. Phenix Elementary,
Hampton City,Hampton High,1.0
Hampton City,Hunter B. Andrews,1.0
Hampton City,Jane H. Bryan Elementary,0.0
Hampton City,Kecoughtan High,1.0
Hampton City,Luther W. Machen Elementary,0.024498886414253896
Hampton City,Mary S. Peake Elementary,0.0
Hampton City,Mary T. Christian Elementary,0.0
Hampton City,Mary W. Jackson Elementary,0.0
Hampton City,Moton Early Childhood Center,0.0
Hampton City,Paul Burbank Elementary,0.0
Hampton City,Phillips Elementary,0.0
Hampton City,Phoebus High,1.0
Hampton City,Samuel P. Langley Elementary,0.0
Hampton City,Thomas Eaton Middle,0.0
Hampton City,William Mason Cooper Elementary,0.0
Hanover County,Atlee High,
Hanover County,Battlefield Park Elementary,0.0
Hanover County,Beaverdam Elementary,0.0
Hanover County,Bell Creek Middle,0.0
Hanover County,Chickahominy Middle,
Hanover County,Cold Harbor Elementary,0.0
Hanover County,Cool Spring Elementary,0.0
Hanover County,Elmont Elementary,0.0
Hanover County,Hanover High,
Hanover County,Henry Clay Elementary,0.0
Hanover County,John M. Gandy Elementary,0.0
Hanover County,Kersey Creek Elementary,0.0
Hanover County,Laurel Meadow Elementary,0.0
Hanover County,Liberty Middle,0.0
Hanover County,Mechanicsville Elementary,0.0
Hanover County,Mechanicsville High,
Hanover County,Oak Knoll Middle,0.0
Hanover County,Patrick Henry High,
Hanover County,Pearson's Corner Elementary,0.0
Hanover County,Pole Green Elementary,0.0
Hanover County,Rural Point Elementary,0.0
Hanover County,South Anna Elementary,0.0
Hanover County,Washington-Henry Elementary,0.0
Harrisonburg City,Bluestone Elementary,0.0
Harrisonburg City,Harrisonburg High,
Harrisonburg City,Keister Elementary,0.0
Harrisonburg City,Skyline Middle,0.0
Harrisonburg City,Smithland Elementary,0.0
Harrisonburg City,Spotswood Elementary,0.0
Harrisonburg City,Stone Spring Elementary,0.0
Harrisonburg City,Thomas Harrison Middle,0.0
Harrisonburg City,Waterman Elementary,0.0
Henrico County,Anthony P. Mehfoud Elementary,0.0
Henrico County,Arthur Ashe Jr. Elementary,0.0
Henrico County,Brookland Middle,1.0
Henrico County,Cashell Donahoe Elementary,0.0
Henrico County,Chamberlayne Elementary,0.0
Henrico County,Charles M. Johnson Elementary,0.02877697841726619
Henrico County,Colonial Trail Elementary,0.0
Henrico County,Crestview Elementary,0.0
Henrico County,David A. Kaechele Elementary,0.0
Henrico County,Deep Run High,
Henrico County,Douglas S. Freeman High,
Henrico County,Dumbarton Elementary,0.0
Henrico County,Echo Lake Elementary,0.0
Henrico County,Elizabeth Holladay Elementary,0.0
Henrico County,Elko Middle,0.01783264746227709
Henrico County,Fair Oaks Elementary,0.0
Henrico County,Fairfield Middle,1.0
Henrico County,Gayton Elementary,0.0
Henrico County,George F. Baker Elementary,0.0
Henrico County,George H. Moody Middle,
Henrico County,Glen Allen Elementary,0.0
Henrico County,Glen Allen High,
Henrico County,Glen Lea Elementary,0.0
Henrico County,Greenwood Elementary,0.0
Henrico County,Harold Macon Ratcliffe Elementary,0.0
Henrico County,Harvie Elementary,0.0
Henrico County,Henrico High,1.0
Henrico County,Henry D. Ward Elementary,0.0
Henrico County,Hermitage High,1.0
Henrico County,Highland Springs Elementary,0.0
Henrico County,Highland Springs High,1.0
Henrico County,Holman Middle,0.0
Henrico County,Hungary Creek Middle,0.0
Henrico County,Jackson Davis Elementary,0.0
Henrico County,Jacob L. Adams Elementary,0.0
Henrico County,John Randolph Tucker High,1.0
Henrico County,John Rolfe Middle,0.0
Henrico County,L. Douglas Wilder Middle,0.0
Henrico County,Laburnum Elementary,0.0
Henrico County,Lakeside Elementary,0.0
Henrico County,Longdale Elementary,0.0
Henrico County,Maude Trevvett Elementary,0.0
Henrico County,Maybeury Elementary,0.0
Henrico County,Mills E. Godwin High,
Henrico County,Montrose Elementary,0.0
Henrico County,Nuckols Farm Elementary,0.0
Henrico County,Pemberton Elementary,0.0
Henrico County,Pinchbeck Elementary,0.0
Henrico County,Pocahontas Middle,0.0
Henrico County,Quioccasin Middle,
Henrico County,R.C. Longan Elementary,0.0
Henrico County,Ridge Elementary,0.0
Henrico County,Rivers Edge Elementary,0.0
Henrico County,Ruby F. Carver Elementary,0.0
Henrico County,Sandston Elementary,0.0
Henrico County,Seven Pines Elementary,0.0
Henrico County,Shady Grove Elementary,0.0
Henrico County,Short Pump Elementary,0.0
Henrico County,Short Pump Middle,
Henrico County,Skipwith Elementary,0.0
Henrico County,Springfield Park Elementary,0.0
Henrico County,Three Chopt Elementary,0.0
Henrico County,Tuckahoe Elementary,0.0
Henrico County,Tuckahoe Middle,
Henrico County,Twin Hickory Elementary,0.0
Henrico County,Varina Elementary,0.0
Henrico County,Varina High,1.0
Henry County,Axton Elementary,0.0
Henry County,Bassett High,1.0
Henry County,Campbell Court Elementary,0.0
Henry County,Drewry Mason Elementary,0.0
Henry County,Fieldale-Collinsville Middle,0.0
Henry County,G.W. Carver Elementary,0.024282560706401765
Henry County,Laurel Park Middle,0.0
Henry County,Magna Vista High,
Henry County,Meadow View Elementary,0.0
Henry County,Mount Olivet Elementary,0.0
Henry County,Rich Acres Elementary,0.0
Henry County,Sanville Elementary,0.0
Henry County,Stanleytown Elementary,0.0
Highland County,Highland Elementary,0.0
Highland County,Highland High,0.0
Hopewell City,Carter G. Woodson Middle,0.0
Hopewell City,Dupont Elementary,0.0
Hopewell City,Harry E. James Elementary,0.0
Hopewell City,Hopewell High,
Hopewell City,Patrick Copeland Elementary,0.0
Hopewell City,Woodlawn Pre-School Learning Center,0.0
Isle of Wight County,Carrollton Elementary,0.0
Isle of Wight County,Carrsville Elementary,0.0
Isle of Wight County,Georgie D. Tyler Middle,0.0
Isle of Wight County,Hardy Elementary,0.0
Isle of Wight County,Smithfield High,
Isle of Wight County,Smithfield Middle,0.0
Isle of Wight County,Westside Elementary,0.0
Isle of Wight County,Windsor Elementary,0.0
Isle of Wight County,Windsor High,0.0
King George County,King George Elementary,0.016666666666666666
King George County,King George High,
King George County,King George Middle,
King George County,Potomac Elementary,0.0
King George County,Sealston Elementary,0.0
King William County,Acquinton Elementary,0.0
King William County,Cool Spring Primary,0.0
King William County,Hamilton Holmes Middle,0.0
King William County,King William High,0.0
King and Queen County,Central High,0.0
King and Queen County,King & Queen Elementary,0.0
King and Queen County,Lawson-Marriott Elementary,0.0
Lancaster County,Lancaster High,0.0
Lancaster County,Lancaster Middle,0.0
Lancaster County,Lancaster Primary,0.0
Lee County,Dryden Elementary,0.0
Lee County,Elk Knob Elementary,0.0
Lee County,Elydale Middle,0.0
Lee County,Flatwoods Elementary,0.0
Lee County,Jonesville Middle,0.0
Lee County,Lee High,0.0
Lee County,Pennington Middle,0.0
Lee County,Rose Hill Elementary,0.0
Lee County,St. Charles Elementary,0.0
Lee County,Thomas Walker High,0.0
Lexington City,Harrington Waddell Elementary,0.0
Lexington City,Lylburn Downing Middle,0.0
Lexington City,Rockbridge County High,
Loudoun County,Aldie Elementary,0.0
Loudoun County,Algonkian Elementary,0.0
Loudoun County,Arcola Elementary,0.0
Loudoun County,Ashburn Elementary,0.0
Loudoun County,Ball's Bluff Elementary,0.02494802494802495
Loudoun County,Banneker Elementary,0.0
Loudoun County,Belmont Ridge Middle,
Loudoun County,Belmont Station Elementary,0.0
Loudoun County,Blue Ridge Middle,0.0
Loudoun County,Brambleton Middle,
Loudoun County,Briar Woods High,
Loudoun County,Broad Run High,
Loudoun County,Buffalo Trail Elementary,0.0
Loudoun County,Cardinal Ridge Elementary,0.0
Loudoun County,Catoctin Elementary,0.01896551724137931
Loudoun County,Cedar Lane Elementary,0.0
Loudoun County,Cool Spring Elementary,0.02608695652173913
Loudoun County,Countryside Elementary,0.03308270676691729
Loudoun County,Creighton's Corner Elementary,
Loudoun County,Discovery Elementary,0.0
Loudoun County,Dominion High,1.0
Loudoun County,Dominion Trail Elementary,0.030303030303030304
Loudoun County,Eagle Ridge Middle,
Loudoun County,Emerick Elementary,0.0
Loudoun County,Evergreen Mill Elementary,0.047058823529411764
Loudoun County,Farmwell Station Middle,1.0
Loudoun County,Forest Grove Elementary,0.06786427145708583
Loudoun County,Frances Hazel Reid Elementary,0.07731958762886598
Loudoun County,Frederick Douglass Elementary,0.03986710963455149
Loudoun County,Freedom High,
Loudoun County,Goshen Post Elementary,0.0
Loudoun County,Guilford Elementary,0.1651376146788991
Loudoun County,Hamilton Elementary,0.0
Loudoun County,Harmony Middle,
Loudoun County,Harper Park Middle,0.03376906318082789
Loudoun County,Heritage High,1.0
Loudoun County,Hillsboro Charter Academy,0.0
Loudoun County,Hillside Elementary,0.0
Loudoun County,Horizon Elementary,0.0
Loudoun County,Hovatter Elementary,
Loudoun County,Hutchison Farm Elementary,0.0
Loudoun County,Independence High,1.0
Loudoun County,J. Lupton Simpson Middle,0.013026052104208416
Loudoun County,J. Michael Lunsford Middle,
Loudoun County,John Champe High,1.0
Loudoun County,John W. Tolbert Jr. Elementary,0.0
Loudoun County,Kenneth W.Culbert Elementary,0.0
Loudoun County,Leesburg Elementary,0.024213075060532687
Loudoun County,Legacy Elementary,0.0
Loudoun County,Liberty Elementary,0.0
Loudoun County,Lightridge High,
Loudoun County,Lincoln Elementary,0.0
Loudoun County,Little River Elementary,0.0
Loudoun County,Loudoun County High,1.0
Loudoun County,Loudoun Valley High,
Loudoun County,Lovettsville Elementary,0.0
Loudoun County,Lowes Island Elementary,0.0
Loudoun County,Lucketts Elementary,0.0
Loudoun County,Madison's Trust Elementary,
Loudoun County,Meadowland Elementary,0.06188118811881188
Loudoun County,Mercer Middle,
Loudoun County,Middleburg Community Charter,0.0
Loudoun County,Mill Run Elementary,0.0
Loudoun County,Moorefield Station Elementary,0.0
Loudoun County,Mountain View Elementary,0.0
Loudoun County,Newton-Lee Elementary,0.0
Loudoun County,Park View High,1.0
Loudoun County,Pinebrook Elementary,0.0
Loudoun County,Potomac Falls High,1.0
Loudoun County,Potowmack Elementary,0.03977272727272727
Loudoun County,River Bend Middle,1.0
Loudoun County,Riverside High,1.0
Loudoun County,Rock Ridge High,
Loudoun County,Rolling Ridge Elementary,0.06132879045996593
Loudoun County,Rosa Lee Carter Elementary,0.0
Loudoun County,Round Hill Elementary,0.0
Loudoun County,Sanders Corner Elementary,0.0
Loudoun County,Seldens Landing Elementary,0.0
Loudoun County,Seneca Ridge Middle,0.01296111665004985
Loudoun County,Smart's Mill Middle,0.01843817787418655
Loudoun County,Sterling Elementary,0.11954022988505747
Loudoun County,Sterling Middle,0.0840258541089566
Loudoun County,Steuart W. Weller Elementary,0.0
Loudoun County,Stone Bridge High,
Loudoun County,Stone Hill Middle,
Loudoun County,Sugarland Elementary,0.08108108108108109
Loudoun County,Sully Elementary,0.18259023354564755
Loudoun County,Sycolin Creek Elementary,0.0
Loudoun County,Trailside Middle,
Loudoun County,Tuscarora High,1.0
Loudoun County,W.O. Robey High,0.0
Loudoun County,Waterford Elementary,0.0
Loudoun County,Waxpool Elementary,0.0
Loudoun County,Willard Middle,
Loudoun County,Woodgrove High,
Louisa County,Jouett Elementary,0.0
Louisa County,Louisa County High,
Louisa County,Louisa County Middle,
Louisa County,Moss-Nuckols Elementary,0.0
Louisa County,Thomas Jefferson Elementary,0.0
Louisa County,Trevilians Elementary,0.0
Lunenburg County,Central High,0.0
Lunenburg County,Kenbridge Elementary,0.03611111111111111
Lunenburg County,Lunenburg Middle,0.0
Lunenburg County,Victoria Elementary,0.0
Lynchburg City,Bedford Hills Elementary,0.0
Lynchburg City,Dearington Elementary/Innovation,0.0
Lynchburg City,E.C. Glass High,1.0
Lynchburg City,Heritage Elementary,0.0
Lynchburg City,Heritage High,
Lynchburg City,Linkhorne Elementary,0.0
Lynchburg City,Linkhorne Middle,0.0
Lynchburg City,Paul Laurence Dunbar Middle for Innovation,0.0
Lynchburg City,Paul Munro Elementary,0.0
Lynchburg City,Perrymont Elementary,0.0
Lynchburg City,Robert S. Payne Elementary,0.0
Lynchburg City,Sandusky Elementary,0.0
Lynchburg City,Sandusky Middle,0.0
Lynchburg City,Sheffield Elementary,0.0
Lynchburg City,T.C. Miller Elementary for Innovation,0.0
Lynchburg City,William M. Bass Elementary,0.0
Madison County,Madison County High,0.0
Madison County,Madison Primary,0.0
Madison County,Waverly Yowell Elementary,0.0
Madison County,William H. Wetsel Middle,0.0
Manassas City,Baldwin Elementary,0.0
Manassas City,Baldwin Intermediate,0.0
Manassas City,George Carr Round Elementary,0.0
Manassas City,Grace E. Metz Middle,
Manassas City,Jennie Dean Elementary,0.0
Manassas City,Mayfield Intermediate,0.0
Manassas City,Osbourn High,
Manassas City,Richard C. Haydon Elementary,0.0
Manassas City,Weems Elementary,0.0
Manassas Park City,Cougar Elementary,0.0
Manassas Park City,Manassas Park Elementary,0.0
Manassas Park City,Manassas Park High,
Manassas Park City,Manassas Park Middle,0.0
Martinsville City,Albert Harris Elementary,0.0
Martinsville City,Clearview Early Learning Center,0.0
Martinsville City,Martinsville High,0.0
Martinsville City,Martinsville Middle,0.0
Martinsville City,Patrick Henry Elementary,0.0
Mathews County,Mathews Elementary,0.0
Mathews County,Mathews High,0.0
Mathews County,Thomas Hunter Middle,0.0
Mecklenburg County,Bluestone  High,0.0
Mecklenburg County,Bluestone Middle,0.0
Mecklenburg County,Chase City Elementary,0.0
Mecklenburg County,Clarksville Elementary,0.0
Mecklenburg County,LaCrosse Elementary,0.0
Mecklenburg County,Park View High,0.0
Mecklenburg County,Park View Middle,0.0
Mecklenburg County,South Hill Elementary,0.01335113484646195
Middlesex County,Middlesex Elementary,0.0
Middlesex County,Middlesex High,0.0
Middlesex County,St. Clare Walker Middle,0.0
Montgomery County,Auburn Elementary,0.0
Montgomery County,Auburn High,0.0
Montgomery County,Auburn Middle,0.0
Montgomery County,Belview Elementary,0.0
Montgomery County,Blacksburg High,
Montgomery County,Blacksburg Middle,0.0
Montgomery County,Christiansburg Elementary,0.0
Montgomery County,Christiansburg High,
Montgomery County,Christiansburg Middle,0.0
Montgomery County,Christiansburg Primary,0.0
Montgomery County,Eastern Montgomery Elementary,0.0
Montgomery County,Eastern Montgomery High,0.0
Montgomery County,Falling Branch Elementary,0.0
Montgomery County,Gilbert Linkous Elementary,0.0
Montgomery County,Harding Avenue Elementary,0.0
Montgomery County,Kipps Elementary,0.0
Montgomery County,Margaret Beeks Elementary,0.0
Montgomery County,Prices Fork Elementary,0.0
Montgomery County,Shawsville Middle,0.0
Nelson County,Nelson County High,0.0
Nelson County,Nelson Middle,0.0
Nelson County,Rockfish River Elementary,0.0
Nelson County,Tye River Elementary,0.0
New Kent County,George W. Watkins Elementary,0.0
New Kent County,New Kent Elementary,0.0
New Kent County,New Kent High,
New Kent County,New Kent Middle,0.0
Newport News City,Achievable Dream Academy,0.0
Newport News City,Achievable Dream Middle/High,0.0
Newport News City,B.C. Charles Elementary,0.0
Newport News City,B.T. Washington Middle,0.0
Newport News City,Carver Elementary,0.0
Newport News City,Crittenden Middle,0.011061946902654867
Newport News City,David A. Dutrow Elementary,0.0
Newport News City,Deer Park Elementary,0.0
Newport News City,Denbigh Early Childhood Center,0.0
Newport News City,Denbigh High,1.0
Newport News City,Discovery STEM Academy,0.0
Newport News City,Ella J. Fitzgerald Middle,
Newport News City,Ethel M. Gildersleeve Middle,
Newport News City,General Stanford Elementary,0.0
Newport News City,George J. McIntosh Elementary,0.0
Newport News City,Heritage High,
Newport News City,Hidenwood Elementary,0.0
Newport News City,Hilton Elementary,0.0
Newport News City,Homer L. Hines Middle,0.01365546218487395
Newport News City,Huntington Middle,0.0
Newport News City,John Marshall Early Childhood Center,0.0
Newport News City,Joseph H. Saunders Elementary,0.0
Newport News City,Katherine Johnson Elementary,0.0
Newport News City,Kiln Creek Elementary,0.0
Newport News City,Knollwood Meadows Elementary,0.0
Newport News City,L.F. Palmer Elementary,0.026378896882494004
Newport News City,Mary Passage Middle,0.0
Newport News City,Menchville High,1.0
Newport News City,Newsome Park Elementary,0.0
Newport News City,Oliver C. Greenwood Elementary,0.0
Newport News City,Richard T. Yates Elementary,0.0
Newport News City,Richneck Elementary,0.0
Newport News City,Riverside Elementary,0.0
Newport News City,Sedgefield Elementary,0.0
Newport News City,Stoney Run Elementary,0.0
Newport News City,T. Ryland Sanford Elementary,0.0
Newport News City,Warwick High,
Newport News City,Watkins Early Childhood Center,0.0
Newport News City,Willis A. Jenkins Elementary,0.0
Newport News City,Woodside High,
Norfolk City,Academy for Discovery at Lakewood,0.0
Norfolk City,Azalea Gardens Middle,0.0
Norfolk City,Bay View Elementary,0.0
Norfolk City,Berkley/Campostella Early Childhood Education Center,0.0
Norfolk City,Blair Middle,1.0
Norfolk City,Booker T Washington High,0.0
Norfolk City,Camp Allen Elementary,0.0
Norfolk City,Chesterfield Academy Elementary,0.0
Norfolk City,Coleman Place Elementary,0.0
Norfolk City,Crossroads Elementary,0.0
Norfolk City,Easton Preschool,0.0
Norfolk City,Ghent K-8,0.0
Norfolk City,Granby Elementary,0.0
Norfolk City,Granby High,1.0
Norfolk City,Ingleside Elementary,0.0
Norfolk City,Jacox Elementary,0.0
Norfolk City,James Monroe Elementary,0.0
Norfolk City,Lake Taylor,0.0
Norfolk City,Lake Taylor High,
Norfolk City,Larchmont Elementary,0.0
Norfolk City,Larrymore Elementary,0.0
Norfolk City,Lindenwood Elementary,0.0
Norfolk City,Little Creek Elementary,0.01864406779661017
Norfolk City,Mary Calcott Elementary,0.0
Norfolk City,Matthew Fontaine Maury High,1.0
Norfolk City,Northside Middle,0.0
Norfolk City,Norview Elementary,0.0
Norfolk City,Norview High,1.0
Norfolk City,Norview Middle,
Norfolk City,Ocean View Elementary,0.0
Norfolk City,Oceanair Elementary,0.0
Norfolk City,P.B. Young Sr. Elementary,0.0
Norfolk City,Richard Bowling Elementary,0.0
Norfolk City,Sewells Point Elementary,0.0
Norfolk City,Sherwood Forest Elementary,0.0
Norfolk City,Southside STEM Academy at Campostella,0.0
Norfolk City,St. Helena Elementary,0.0
Norfolk City,Suburban Park Elementary,0.0
Norfolk City,Tanners Creek Elementary,0.0
Norfolk City,Tarrallton Elementary,0.0
Norfolk City,Tidewater Park Elementary,0.0
Norfolk City,Walter Herron Taylor Elementary,0.0
Norfolk City,Willard Model Elementary,0.0
Norfolk City,William H. Ruffner Middle,0.0
Norfolk City,Willoughby Early Childhood Center,0.0
Northampton County,Kiptopeke Elementary,0.06460674157303371
Northampton County,Northampton High,0.08450704225352113
Northampton County,Northampton Middle,0.10824742268041238
Northampton County,Occohannock Elementary,0.09893048128342247
Northumberland County,Northumberland Elementary,0.0
Northumberland County,Northumberland High,0.0
Northumberland County,Northumberland Middle,0.0
Norton City,J.I. Burton High,0.0
Norton City,Norton Elementary,0.02178217821782178
Nottoway County,Blackstone Primary,0.0
Nottoway County,Crewe Primary,0.0
Nottoway County,Nottoway High,0.0
Nottoway County,Nottoway Intermediate,0.0
Nottoway County,Nottoway Middle,0.0
Orange County,Gordon-Barbour Elementary,0.0
Orange County,Lightfoot Elementary,0.0
Orange County,Locust Grove Elementary,0.0
Orange County,Locust Grove Middle,0.0
Orange County,Locust Grove Primary,0.0
Orange County,Orange County High,
Orange County,Orange Elementary,0.020155038759689922
Orange County,Prospect Heights Middle,0.0
Orange County,Unionville Elementary,0.0
Page County,Luray Elementary,0.0
Page County,Luray High,0.0
Page County,Luray Middle,0.0
Page County,Page County High,0.0
Page County,Page County Middle,0.0
Page County,Shenandoah Elementary,0.0
Page County,Springfield Elementary,0.0
Page County,Stanley Elementary,0.0
Patrick County,Blue Ridge Elementary,0.043137254901960784
Patrick County,Hardin Reynolds Memorial School,0.07834101382488479
Patrick County,Meadows of Dan Elementary,0.0
Patrick County,Patrick County High,0.04382929642445214
Patrick County,Patrick Springs Primary,0.04330708661417323
Patrick County,Stuart Elementary,0.0
Patrick County,Woolwine Elementary,0.0
Petersburg City,Cool Spring Elementary,0.0
Petersburg City,Lakemont Elementary,0.0
Petersburg City,Petersburg High,
Petersburg City,Pleasants Lane Elementary,0.0
Petersburg City,Vernon Johns Middle,0.0
Petersburg City,Walnut Hill Elementary,0.0
Petersburg City,Westview Early Childhood Education Center,0.0
Pittsylvania County,Brosville Elementary,0.0
Pittsylvania County,Chatham Elementary,0.0
Pittsylvania County,Chatham High,0.0
Pittsylvania County,Chatham Middle,0.0
Pittsylvania County,Dan River High,0.0
Pittsylvania County,Dan River Middle,0.0
Pittsylvania County,Gretna Elementary,0.0
Pittsylvania County,Gretna High,0.0
Pittsylvania County,Gretna Middle,0.0
Pittsylvania County,John L. Hurt Elementary,0.0
Pittsylvania County,Kentuck Elementary,0.0
Pittsylvania County,Mount Airy Elementary,0.0
Pittsylvania County,Southside Elementary,0.0
Pittsylvania County,Stony Mill Elementary,0.0
Pittsylvania County,Tunstall High,0.0
Pittsylvania County,Tunstall Middle,0.0
Pittsylvania County,Twin Springs Elementary,0.0
Pittsylvania County,Union Hall Elementary,0.0
Poquoson City,Poquoson Elementary,0.0
Poquoson City,Poquoson High,0.0
Poquoson City,Poquoson Middle,0.0
Poquoson City,Poquoson Primary,0.0
Portsmouth City,Brighton Elementary,0.0
Portsmouth City,Churchland Academy Elementary,0.0
Portsmouth City,Churchland Elementary,0.0
Portsmouth City,Churchland High,
Portsmouth City,Churchland Middle,0.0
Portsmouth City,Churchland Preschool Center,0.0
Portsmouth City,Churchland Primary & Intermediate,0.0
Portsmouth City,Cradock Elementary,0.016541353383458645
Portsmouth City,Cradock Middle,0.0
Portsmouth City,Douglass Park Elementary,0.0
Portsmouth City,Hodges Manor Elementary,0.0
Portsmouth City,I.C. Norcom High,1.0
Portsmouth City,Lakeview Elementary,0.0
Portsmouth City,Manor High,1.0
Portsmouth City,Mount Hermon Preschool Center,0.0
Portsmouth City,Olive Branch Preschool Center,0.0
Portsmouth City,Park View Elementary,0.02702702702702703
Portsmouth City,Simonsdale Elementary,0.0
Portsmouth City,Victory Elementary,0.0
Portsmouth City,Waterview Elementary,0.0
Portsmouth City,Westhaven Elementary,0.0
Portsmouth City,William E. Waters Middle,0.0
Powhatan County,Flat Rock Elementary,0.0
Powhatan County,Pocahontas Elementary,0.0
Powhatan County,Powhatan Elementary,0.0
Powhatan County,Powhatan High,
Powhatan County,Powhatan Middle,0.0
Prince Edward County,Prince Edward County High,0.0
Prince Edward County,Prince Edward Elementary,0.0
Prince Edward County,Prince Edward Middle,0.0
Prince George County,David A. Harrison Elementary,0.0
Prince George County,J.E.J. Moore Middle,
Prince George County,L.L. Beazley Elementary,0.022727272727272728
Prince George County,North Elementary,0.0
Prince George County,Prince George High,
Prince George County,South Elementary,0.0
Prince George County,William A. Walton Elementary,0.0
Prince William County,A. Henderson Elementary,0.0
Prince William County,Antietam Elementary,0.0
Prince William County,Ashland Elementary,0.0
Prince William County,Battlefield High,
Prince William County,Bel Air Elementary,0.0
Prince William County,Belmont Elementary,0.0
Prince William County,Bennett Elementary,0.0
Prince William County,Brentsville District High,0.0
Prince William County,Bristow Run Elementary,0.0
Prince William County,Buckland Mills Elementary,0.0
Prince William County,Bull Run Middle,
Prince William County,C.A. Sinclair Elementary,0.0
Prince William County,C.D. Hylton High,
Prince William County,Cedar Point Elementary,0.0
Prince William County,Charles J. Colgan Sr. High,
Prince William County,Chris Yung Elementary,0.0
Prince William County,Coles Elementary,0.0
Prince William County,Covington-Harper Elementary,0.0
Prince William County,Dale City Elementary,0.0
Prince William County,Dumfries Elementary,0.021413276231263382
Prince William County,E.H. Marsteller Middle,
Prince William County,Elizabeth Vaughan Elementary,0.0
Prince William County,Enterprise Elementary,0.0
Prince William County,Fannie W. Fitzgerald Elementary,0.0
Prince William County,Featherstone Elementary,0.0
Prince William County,Forest Park High,
Prince William County,Fred M. Lynn Middle,
Prince William County,Freedom High,1.0
Prince William County,Gainesville High,
Prince William County,Gainesville Middle,
Prince William County,Gar-Field High,
Prince William County,George G. Tyler Elementary,0.0
Prince William County,George M. Hampton Middle,0.0
Prince William County,George P. Mullen Elementary,0.0
Prince William County,Glenkirk Elementary,0.0
Prince William County,Graham Park Middle,0.0
Prince William County,Haymarket Elementary,0.0
Prince William County,Herbert J. Saunders Middle,
Prince William County,J.W. Alvey Elementary,0.0
Prince William County,John D. Jenkins Elementary,0.0
Prince William County,John F. Pattie Sr. Elementary,0.0
Prince William County,Kerrydale Elementary,0.0
Prince William County,Kyle R. Wilson Elementary,0.0
Prince William County,Lake Ridge Elementary,0.0
Prince William County,Lake Ridge Middle,
Prince William County,Leesylvania Elementary,0.0
Prince William County,Loch Lomond Elementary,0.0
Prince William County,Louise A. Benton Middle,
Prince William County,Martin Luther King Jr. Elementary,0.0
Prince William County,Marumsco Hills Elementary,0.0
Prince William County,Mary G. Porter Traditional,0.0
Prince William County,Mary Williams Elementary,0.0
Prince William County,Minnieville Elementary,0.0
Prince William County,Montclair Elementary,0.0
Prince William County,Mountain View Elementary,0.0
Prince William County,Neabsco Elementary,0.0
Prince William County,Occoquan Elementary,0.0
Prince William County,Old Bridge Elementary,0.0
Prince William County,Osbourn Park High,
Prince William County,Parkside Middle,
Prince William County,Patriot High,
Prince William County,Pennington Traditional,0.0
Prince William County,Piney Branch Elementary,0.0
Prince William County,Potomac High,
Prince William County,Potomac Middle,0.0
Prince William County,Potomac Shores Middle,
Prince William County,Potomac View Elementary,0.0
Prince William County,R. Dean Kilby Elementary,0.0
Prince William County,Rippon Middle,
Prince William County,River Oaks Elementary,0.0
Prince William County,Rockledge Elementary,0.0
Prince William County,Ronald Wilson Reagan Middle,
Prince William County,Rosa Parks Elementary,0.0
Prince William County,Samuel L. Gravely Jr. Elementary,0.0
Prince William County,Sharon C. McAuliffe Elementary,0.0
Prince William County,Signal Hill Elementary,0.0
Prince William County,Sonnie Penn Elementary,0.0
Prince William County,Springwoods Elementary,0.0
Prince William County,Stuart M. Beville Middle,
Prince William County,Sudley Elementary,0.0
Prince William County,Suella G. Ellis Elementary,0.0
Prince William County,Swans Creek Elementary,0.0
Prince William County,T. Clay Wood Elementary,0.0
Prince William County,The Nokesville School,
Prince William County,Thurgood Marshall Elementary,0.0
Prince William County,Triangle Elementary,0.0
Prince William County,Unity Braxton Middle,
Prince William County,Unity Reed High,1.0
Prince William County,Victory Elementary,0.0
Prince William County,West Gate Elementary,0.0
Prince William County,Westridge Elementary,0.0
Prince William County,Woodbine Pre-School Center,0.0
Prince William County,Woodbridge High,
Prince William County,Woodbridge Middle,
Prince William County,Yorkshire Elementary,0.0
Pulaski County,Critzer Elementary,0.0
Pulaski County,Dublin Elementary,0.0
Pulaski County,Pulaski County Middle,0.0
Pulaski County,Pulaski County Senior High,
Pulaski County,Pulaski Elementary,0.0
Pulaski County,Riverlawn Elementary,0.0
Pulaski County,Snowville Elementary,0.0
Radford City,Belle Heth Elementary,0.0
Radford City,John N. Dalton Intermediate,0.0
Radford City,McHarg Elementary,0.0
Radford City,Radford High,0.0
Rappahannock County,Rappahannock County Elementary,0.0
Rappahannock County,Rappahannock County High,0.0
Richmond City,Albert Hill Middle,0.031180400890868598
Richmond City,Amelia Street Special Education,0.0
Richmond City,Armstrong High,0.02577319587628866
Richmond City,Barack Obama Elementary,0.0
Richmond City,Bellevue Elementary,0.0
Richmond City,Binford Middle,0.0
Richmond City,Blackwell Elementary,0.0
Richmond City,Broad Rock Elementary,0.0
Richmond City,Cardinal Elementary,0.0
Richmond City,Chimborazo Elementary,0.0
Richmond City,Elizabeth D. Redd Elementary,0.0
Richmond City,Fairfield Court Elementary,0.0
Richmond City,Franklin Military Academy,0.0
Richmond City,G.H. Reid Elementary,0.0
Richmond City,George W. Carver Elementary,0.0
Richmond City,George Wythe High,1.0
Richmond City,Ginter Park Elementary,0.0
Richmond City,Henderson Middle,0.0
Richmond City,Henry Marsh III Elementary,0.0
Richmond City,Huguenot High,1.0
Richmond City,J.B. Fisher Elementary,0.0
Richmond City,J.L. Francis Elementary,0.0
Richmond City,John B. Cary Elementary,0.0
Richmond City,John Marshall High,0.02214022140221402
Richmond City,Linwood Holton Elementary,0.0
Richmond City,Lucille M. Brown Middle,0.0
Richmond City,Martin Luther King Jr. Early Learning Center,0.0
Richmond City,Martin Luther King Jr. Middle,0.029182879377431907
Richmond City,Mary Munford Elementary,0.0
Richmond City,Maymont Pre-K Center,0.0
Richmond City,Miles Jones Elementary,0.0
Richmond City,Oak Grove/Bellemeade Elementary,0.020146520146520148
Richmond City,Open High,0.0
Richmond City,Overby-Sheppard Elementary,0.0
Richmond City,Patrick Henry School Of Science And Arts,0.0
Richmond City,Richmond Alternative,0.0
Richmond City,Richmond Career Education and Employment Charter School,0.0
Richmond City,Richmond Community High,0.0
Richmond City,River City Middle,1.0
Richmond City,Southampton Elementary,0.0
Richmond City,Summer Hill Preschool Center,0.0
Richmond City,Swansboro Elementary,0.0
Richmond City,Thomas C. Boushall Middle,0.024175824175824177
Richmond City,Thomas Jefferson High,0.02643171806167401
Richmond City,Westover Hills Elementary,0.0
Richmond City,William Fox Elementary,0.0
Richmond City,Woodville Elementary,0.04905660377358491
Richmond County,Rappahannock High,0.0
Richmond County,Richmond County Elementary,0.0
Roanoke City,Addison Aerospace Magnet Middle,0.017094017094017096
Roanoke City,Breckinridge Middle,0.040419161676646706
Roanoke City,Crystal Spring Elementary,0.0
Roanoke City,Fairview Elementary,0.0
Roanoke City,Fallon Park Elementary,0.05123674911660778
Roanoke City,Fishburn Park Elementary,0.04395604395604396
Roanoke City,Garden City Elementary,0.0
Roanoke City,Grandin Court Elementary,0.0
Roanoke City,Highland Park Elementary,0.0
Roanoke City,Hurt Park Elementary,0.05
Roanoke City,James Madison Middle,0.01877133105802048
Roanoke City,John P. Fishwick Middle,0.02231237322515213
Roanoke City,Lincoln Terrace Elementary,0.0
Roanoke City,Monterey Elementary,0.0
Roanoke City,Morningside Elementary,0.0
Roanoke City,Patrick Henry High,1.0
Roanoke City,Preston Park Elementary,0.01953125
Roanoke City,Roanoke Academy For Mathematics & Science Elementary,0.033766233766233764
Roanoke City,Round Hill Elementary,0.036241610738255034
Roanoke City,Virginia Heights Elementary,0.0
Roanoke City,Wasena Elementary,0.0
Roanoke City,Westside Elementary,0.02635431918008785
Roanoke City,William Fleming High,1.0
Roanoke City,Woodrow Wilson Middle,0.016897081413210446
Roanoke County,Back Creek Elementary,0.0
Roanoke County,Bonsack Elementary,0.0
Roanoke County,Burlington Elementary,0.0
Roanoke County,Cave Spring Elementary,0.0
Roanoke County,Cave Spring High,
Roanoke County,Cave Spring Middle,0.0
Roanoke County,Clearbrook Elementary,0.0
Roanoke County,Fort Lewis Elementary,0.0
Roanoke County,Glen Cove Elementary,0.0
Roanoke County,Glenvar Elementary,0.0
Roanoke County,Glenvar High,0.0
Roanoke County,Glenvar Middle,0.0
Roanoke County,Green Valley Elementary,0.0
Roanoke County,Herman L. Horn Elementary,0.0
Roanoke County,Hidden Valley High,0.0
Roanoke County,Hidden Valley Middle,0.0
Roanoke County,Mason's Cove Elementary,0.0
Roanoke County,Mount Pleasant Elementary,0.0
Roanoke County,Mountain View Elementary,0.0
Roanoke County,Northside High,0.0
Roanoke County,Northside Middle,0.0
Roanoke County,Oak Grove Elementary,0.0
Roanoke County,Penn Forest Elementary,0.0
Roanoke County,W.E. Cundiff Elementary,0.0
Roanoke County,William Byrd High,
Roanoke County,William Byrd Middle,0.0
Rockbridge County,Central Elementary,0.0
Rockbridge County,Fairfield Elementary,0.0
Rockbridge County,Maury River Middle,0.0
Rockbridge County,Mountain View Elementary,0.0
Rockbridge County,Natural Bridge Elementary,0.0
Rockbridge County,Rockbridge County High,
Rockingham County,Broadway High,0.0
Rockingham County,Cub Run Elementary,0.0
Rockingham County,East Rockingham High,0.0
Rockingham County,Elkton Elementary,0.0
Rockingham County,Elkton Middle,0.0
Rockingham County,Fulks Run Elementary,0.0
Rockingham County,J. Frank Hillyard Middle,0.0
Rockingham County,John C. Myers Elementary,0.0
Rockingham County,John W. Wayland Elementary,0.0
Rockingham County,Lacey Spring Elementary,0.0
Rockingham County,Linville-Edom Elementary,0.0
Rockingham County,McGaheysville Elementary,0.0
Rockingham County,Montevideo Middle,0.0
Rockingham County,Mountain View Elementary,0.0
Rockingham County,Ottobine Elementary,0.0
Rockingham County,Peak View Elementary,0.0
Rockingham County,Plains Elementary,0.0
Rockingham County,Pleasant Valley Elementary,0.0
Rockingham County,River Bend Elementary,0.0
Rockingham County,South River Elementary,0.0
Rockingham County,Spotswood High,0.0
Rockingham County,Turner Ashby High,
Rockingham County,Wilbur S. Pence Middle,0.0
Russell County,Belfast Elementary,0.0
Russell County,Castlewood Elementary,0.0
Russell County,Castlewood High,0.0
Russell County,Copper Creek Elementary,0.0
Russell County,Honaker Elementary,0.0
Russell County,Honaker High,0.0
Russell County,Lebanon Elementary,0.0
Russell County,Lebanon High,0.0
Russell County,Lebanon Middle,0.0
Russell County,Lebanon Primary,0.0
Russell County,Swords Creek Elementary,0.0
Salem City,Andrew Lewis Middle,0.0
Salem City,East Salem Elementary,0.0
Salem City,G.W. Carver Elementary,0.0
Salem City,Salem High,
Salem City,South Salem Elementary,0.0
Salem City,West Salem Elementary,0.0
Scott County,Duffield-Pattonsville Primary,0.0
Scott County,Dungannon Intermediate,0.0
Scott County,Fort Blackmore Primary,0.0
Scott County,Gate City High,0.0
Scott County,Gate City Middle,0.0
Scott County,Hilton Elementary,0.0
Scott County,Nickelsville Elementary,0.0
Scott County,Rye Cove High,0.0
Scott County,Rye Cove Intermediate,0.0
Scott County,Shoemaker Elementary,0.0
Scott County,Twin Springs High,0.0
Scott County,Weber City Elementary,0.0
Scott County,Yuma Elementary,0.0
Shenandoah County,Central High,0.0
Shenandoah County,Honey Run Elementary,0.0
Shenandoah County,Mountain View High,0.0
Shenandoah County,North Fork Middle,0.0
Shenandoah County,Peter Muhlenberg Middle,0.0
Shenandoah County,Sandy Hook Elementary,0.0
Shenandoah County,Signal Knob Middle,0.0
Shenandoah County,Strasburg High,0.0
Shenandoah County,W.W. Robinson Elementary,
Smyth County,Atkins Elementary,0.0
Smyth County,Chilhowie Elementary,0.0
Smyth County,Chilhowie High,0.0
Smyth County,Chilhowie Middle,0.0
Smyth County,Marion Elementary,0.0
Smyth County,Marion Middle,0.0
Smyth County,Marion Senior High,0.0
Smyth County,Northwood High,0.0
Smyth County,Northwood Middle,0.0
Smyth County,Oak Point Elementary,0.0
Smyth County,Rich Valley Elementary,0.0
Smyth County,Saltville Elementary,0.0
Smyth County,Sugar Grove Elementary,0.0
Southampton County,Capron Elementary,0.0
Southampton County,Meherrin Elementary,0.0
Southampton County,Nottoway Elementary,0.0
Southampton County,Riverdale Elementary,0.0
Southampton County,Southampton High,0.0
Southampton County,Southampton Middle,0.0
Spotsylvania County,Battlefield Elementary,0.02967359050445104
Spotsylvania County,Battlefield Middle,0.030193236714975844
Spotsylvania County,Berkeley Elementary,0.0
Spotsylvania County,Brock Road Elementary,0.0
Spotsylvania County,Cedar Forest Elementary,0.0
Spotsylvania County,Chancellor Elementary,0.0
Spotsylvania County,Chancellor High,1.0
Spotsylvania County,Chancellor Middle,0.016317016317016316
Spotsylvania County,Courthouse Road Elementary,0.0
Spotsylvania County,Courtland Elementary,0.0
Spotsylvania County,Courtland High,1.0
Spotsylvania County,Freedom Middle,0.0
Spotsylvania County,Harrison Road Elementary,0.01680672268907563
Spotsylvania County,Lee Hill Elementary,0.0
Spotsylvania County,Livingston Elementary,0.0
Spotsylvania County,Massaponax High,1.0
Spotsylvania County,Ni River Middle,0.0
Spotsylvania County,Parkside Elementary,0.0
Spotsylvania County,Post Oak Middle,0.0
Spotsylvania County,Riverbend High,
Spotsylvania County,Riverview Elementary,0.0
Spotsylvania County,Salem Elementary,0.0
Spotsylvania County,Smith Station Elementary,0.0
Spotsylvania County,Spotswood Elementary,0.04093567251461988
Spotsylvania County,Spotsylvania Elementary,0.0
Spotsylvania County,Spotsylvania High,
Spotsylvania County,Spotsylvania Middle,0.0
Spotsylvania County,Thornburg Middle,0.0
Spotsylvania County,Wilderness Elementary,0.0
Stafford County,Andrew G. Wright Middle,0.0
Stafford County,Anne E. Moncure Elementary,0.0
Stafford County,Anthony Burns Elementary,0.0
Stafford County,Brooke Point High,
Stafford County,Colonial Forge High,
Stafford County,Conway Elementary,0.0
Stafford County,Donald B. Dixon-Lyle R. Smith Middle,0.0
Stafford County,Edward E. Drew Jr. Middle,0.0
Stafford County,Falmouth Elementary,0.0
Stafford County,Ferry Farm Elementary,0.0
Stafford County,Garrisonville Elementary,0.0
Stafford County,Grafton Village Elementary,0.0
Stafford County,H.H. Poole Middle,0.0
Stafford County,Hampton Oaks Elementary,0.0
Stafford County,Hartwood Elementary,0.0
Stafford County,Kate Waller Barrett Elementary,0.0
Stafford County,Margaret Brent Elementary,0.0
Stafford County,Mountain View High,
Stafford County,North Stafford High,
Stafford County,North Star Early Childhood Education Center,0.0
Stafford County,Park Ridge Elementary,0.0
Stafford County,Rising Star Early Childhood Education Center at Melchers,0.0
Stafford County,Rockhill Elementary,0.0
Stafford County,Rocky Run Elementary,0.02144469525959368
Stafford County,Rodney E. Thompson Middle,0.0
Stafford County,Shirley C. Heim Middle,0.0
Stafford County,Stafford Elementary,0.0
Stafford County,Stafford Middle,0.0
Stafford County,Stafford Senior High,1.0
Stafford County,T. Benton Gayle Middle,0.0
Stafford County,Widewater Elementary,0.0
Stafford County,Winding Creek Elementary,0.0
Staunton City,Arthur R. Ware Elementary,0.0
Staunton City,Bessie Weller Elementary,0.02972972972972973
Staunton City,Shelburne Middle,0.0
Staunton City,Staunton City School PreSchool Programs,0.0
Staunton City,Staunton High,0.014285714285714285
Staunton City,Thomas C. McSwain Elementary,0.0
Suffolk City,Booker T. Washington Elementary,0.0
Suffolk City,Colonel Fred Cherry Middle,0.0
Suffolk City,Creekside Elementary,0.0
Suffolk City,Elephant's Fork Elementary,0.0
Suffolk City,Florence Bowser Elementary,0.0
Suffolk City,Forest Glen Middle,0.0
Suffolk City,Hillpoint Elementary,0.0
Suffolk City,John F. Kennedy Middle,0.0
Suffolk City,John Yeates Middle,0.0
Suffolk City,Kilby Shores Elementary,0.0
Suffolk City,King's Fork High,
Suffolk City,King's Fork Middle,
Suffolk City,Lakeland High,
Suffolk City,Mack Benn Jr. Elementary,0.0
Suffolk City,Nansemond Parkway Elementary,0.0
Suffolk City,Nansemond River High,
Suffolk City,Northern Shores Elementary,0.0
Suffolk City,Oakland Elementary,0.0
Suffolk City,Southwestern Elementary,0.0
Surry County,Luther P. Jackson Middle,0.0
Surry County,Surry County High,0.0
Surry County,Surry Elementary,0.0
Sussex County,Sussex Central Elementary,0.0
Sussex County,Sussex Central High,0.0
Sussex County,Sussex Central Middle,0.0
Tazewell County,Abb's Valley-Boissevain Elementary,0.0
Tazewell County,Cedar Bluff Elementary,0.0
Tazewell County,Dudley Primary,0.0
Tazewell County,Graham High,0.0
Tazewell County,Graham Intermediate,0.0
Tazewell County,Graham Middle,0.0
Tazewell County,Richlands Elementary,0.0
Tazewell County,Richlands High,0.0
Tazewell County,Richlands Middle,0.0
Tazewell County,Tazewell High,0.0
Tazewell County,Tazewell Intermediate,0.0
Tazewell County,Tazewell Middle,0.0
Tazewell County,Tazewell Primary,0.0
Virginia Beach City,Alanton Elementary,0.0
Virginia Beach City,Arrowhead Elementary,0.0
Virginia Beach City,Bayside 6th Grade Campus,0.0
Virginia Beach City,Bayside Elementary,0.024539877300613498
Virginia Beach City,Bayside High,1.0
Virginia Beach City,Bayside Middle,0.0
Virginia Beach City,Birdneck Elementary,0.0
Virginia Beach City,Brandon Middle,
Virginia Beach City,Brookwood Elementary,0.0
Virginia Beach City,Centerville Elementary,0.0
Virginia Beach City,Christopher Farms Elementary,0.0
Virginia Beach City,College Park Elementary,0.0
Virginia Beach City,Corporate Landing Elementary,0.0
Virginia Beach City,Corporate Landing Middle,
Virginia Beach City,Creeds Elementary,0.0
Virginia Beach City,Diamond Springs Elementary,0.022770398481973434
Virginia Beach City,Fairfield Elementary,0.0
Virginia Beach City,First Colonial High,
Virginia Beach City,Floyd Kellam High,
Virginia Beach City,Frank W. Cox High,
Virginia Beach City,Glenwood Elementary,0.0
Virginia Beach City,Great Neck Middle,
Virginia Beach City,Green Run Collegiate,0.0
Virginia Beach City,Green Run Elementary,0.0
Virginia Beach City,Green Run High,
Virginia Beach City,Hermitage Elementary,0.0
Virginia Beach City,Holland Elementary,0.0
Virginia Beach City,Independence Middle,
Virginia Beach City,Indian Lakes Elementary,0.0
Virginia Beach City,John B. Dey Elementary,0.0
Virginia Beach City,Kempsville Elementary,0.0
Virginia Beach City,Kempsville High,1.0
Virginia Beach City,Kempsville Meadows Elementary,0.0
Virginia Beach City,Kempsville Middle,0.0
Virginia Beach City,King's Grant Elementary,0.0
Virginia Beach City,Kingston Elementary,0.0
Virginia Beach City,Landstown Elementary,0.0
Virginia Beach City,Landstown High,
Virginia Beach City,Landstown Middle,
Virginia Beach City,Larkspur Middle,
Virginia Beach City,Linkhorn Park Elementary,0.0
Virginia Beach City,Luxford Elementary,0.0
Virginia Beach City,Lynnhaven Elementary,0.0
Virginia Beach City,Lynnhaven Middle,0.0
Virginia Beach City,Malibu Elementary,0.0
Virginia Beach City,New Castle Elementary,0.0
Virginia Beach City,Newtown Elementary,0.03044496487119438
Virginia Beach City,North Landing Elementary,0.0
Virginia Beach City,Ocean Lakes Elementary,0.0
Virginia Beach City,Ocean Lakes High,
Virginia Beach City,Old Donation School,
Virginia Beach City,Parkway Elementary,0.0
Virginia Beach City,Pembroke Elementary,0.0
Virginia Beach City,Pembroke Meadows Elementary,0.0
Virginia Beach City,Plaza Middle,
Virginia Beach City,Point O' View Elementary,0.0
Virginia Beach City,Princess Anne Elementary,0.0
Virginia Beach City,Princess Anne High,1.0
Virginia Beach City,Princess Anne Middle,
Virginia Beach City,Providence Elementary,0.0
Virginia Beach City,Red Mill Elementary,0.0
Virginia Beach City,Rosemont Elementary,0.0
Virginia Beach City,Rosemont Forest Elementary,0.0
Virginia Beach City,Salem Elementary,0.0
Virginia Beach City,Salem High,
Virginia Beach City,Salem Middle,
Virginia Beach City,Seatack Elementary an Achievable Dream Academy,0.0
Virginia Beach City,Shelton Park Elementary,0.0
Virginia Beach City,Strawbridge Elementary,0.0
Virginia Beach City,Tallwood Elementary,0.0
Virginia Beach City,Tallwood High,
Virginia Beach City,Thalia Elementary,0.0
Virginia Beach City,Thoroughgood Elementary,0.0
Virginia Beach City,Three Oaks Elementary,0.0
Virginia Beach City,Trantwood Elementary,0.0
Virginia Beach City,Virginia Beach Middle,0.0
Virginia Beach City,W.T. Cooke Elementary,0.0
Virginia Beach City,White Oaks Elementary,0.0
Virginia Beach City,Williams Elementary,0.0
Virginia Beach City,Windsor Oaks Elementary,0.0
Virginia Beach City,Windsor Woods Elementary,0.0
Virginia Beach City,Woodstock Elementary,0.021406727828746176
Warren County,A.S. Rhodes Elementary,0.0
Warren County,E. Wilson Morrison Elementary,0.0
Warren County,Hilda J. Barbour Elementary,0.0
Warren County,Leslie Fox Keyser Elementary,0.0
Warren County,Ressie Jeffries Elementary,0.0
Warren County,Skyline High,0.0
Warren County,Skyline Middle,0.0
Warren County,Warren County High,0.0
Warren County,Warren County Middle,0.0
Washington County,Abingdon Elementary,0.0
Washington County,Abingdon High,0.0
Washington County,Damascus Middle,0.0
Washington County,E.B. Stanley Middle,0.0
Washington County,Glade Spring Middle,0.0
Washington County,Greendale Elementary,0.0
Washington County,High Point Elementary,0.06077348066298342
Washington County,Holston High,0.0
Washington County,John S. Battle High,0.0
Washington County,Meadowview Elementary,0.0
Washington County,Patrick Henry High,0.0
Washington County,Rhea Valley Elementary,0.0
Washington County,Valley Institute Elementary,0.0
Washington County,Wallace Middle,0.0
Washington County,Watauga Elementary,0.0
Waynesboro City,Berkeley Glenn Elementary,0.0
Waynesboro City,Kate Collins Middle,0.0
Waynesboro City,Wayne Hills Center,0.0
Waynesboro City,Waynesboro High,0.01452513966480447
Waynesboro City,Wenonah Elementary,0.0
Waynesboro City,Westwood Hills Elementary,0.0
Waynesboro City,William Perry Elementary,0.0
West Point,West Point Elementary,0.0
West Point,West Point Middle/High,0.0
Westmoreland County,Cople Elementary,0.0
Westmoreland County,Montross Middle,0.0
Westmoreland County,Washington & Lee High,0.0
Westmoreland County,Washington District Elementary,0.0
Williamsburg-James City County,Berkeley Middle,0.020602218700475437
Williamsburg-James City County,Clara Byrd Baker Elementary,0.0
Williamsburg-James City County,D.J. Montague Elementary,0.0
Williamsburg-James City County,J. Blaine Blayton Elementary,0.0
Williamsburg-James City County,James Blair Middle,0.027522935779816515
Williamsburg-James City County,James River Elementary,0.02857142857142857
Williamsburg-James City County,Jamestown High,
Williamsburg-James City County,Lafayette High,1.0
Williamsburg-James City County,Laurel Lane Elementary,0.0
Williamsburg-James City County,Lois Hornsby Middle,0.0
Williamsburg-James City County,Matoaka Elementary,0.0
Williamsburg-James City County,Matthew Whaley Elementary,0.03303964757709251
Williamsburg-James City County,Norge Elementary,0.0
Williamsburg-James City County,Stonehouse Elementary,0.0
Williamsburg-James City County,Toano Middle,0.0
Williamsburg-James City County,Warhill High,1.0
Winchester City,Daniel Morgan Intermediate,0.02037351443123939
Winchester City,Daniel Morgan Middle,0.01765650080256822
Winchester City,Frederick Douglass Elementary,0.0
Winchester City,Garland R. Quarles Elementary,0.0
Winchester City,John Handley High,1.0
Winchester City,John Kerr Elementary,0.0
Winchester City,Virginia Avenue Charlotte Dehart Elementary,0.0
Wise County,Central High,0.04411764705882353
Wise County,Coeburn Middle,0.0
Wise County,Coeburn Primary,0.05215419501133787
Wise County,Eastside High,0.0703125
Wise County,J.W. Adams Combined,0.03643724696356275
Wise County,L.F. Addington Middle,0.0
Wise County,St. Paul Elementary,0.0
Wise County,Union High,0.020833333333333332
Wise County,Union Middle,0.017064846416382253
Wise County,Union Primary,0.015494636471990465
Wise County,Wise Primary,0.0
Wythe County,Fort Chiswell High,0.0
Wythe County,Fort Chiswell Middle,0.0
Wythe County,George Wythe High,0.0
Wythe County,Jackson Memorial Elementary,0.0
Wythe County,Max Meadows Elementary,0.0
Wythe County,Rural Retreat Elementary,0.0
Wythe County,Rural Retreat High,0.0
Wythe County,Rural Retreat Middle,0.0
Wythe County,Scott Memorial Middle,0.0
Wythe County,Sheffey Elementary,0.0
Wythe County,Speedwell Elementary,0.0
Wythe County,Spiller Elementary,0.0
York County,Bethel Manor Elementary,0.0
York County,Bruton High,0.018209408194233688
York County,Coventry Elementary,0.0
York County,Dare Elementary,0.0
York County,Grafton Bethel Elementary,0.0
York County,Grafton High,1.0
York County,Grafton Middle,0.0
York County,Magruder Elementary,0.0
York County,Mount Vernon Elementary,0.0
York County,Queens Lake Middle,0.0
York County,Seaford Elementary,0.0
York County,Tabb Elementary,0.0
York County,Tabb High,
York County,Tabb Middle,0.0
York County,Waller Mill Elementary,0.027227722772277228
York County,York High,
York County,York River Academy,0.0
York County,Yorktown Elementary,0.0
York County,Yorktown Middle,0.0
